link_href,img_src
https://goo.gl/7levbK,https://masoffer.r.worldssl.net/stg/images/2017/03/17/7194VNMTXiaomiRedmi4A6TebEm.jpg
https://goo.gl/eby4q7,https://masoffer.r.worldssl.net/stg/images/2017/03/17/7193VNHASubsidyPrice-PaybyInstallments0pc7HjzO.jpg
https://goo.gl/6IZW5J,https://masoffer.r.worldssl.net/stg/images/2017/03/17/LP-Banner-Top-Up-May25fM5Xe.jpg
https://goo.gl/C0jU4c,https://masoffer.r.worldssl.net/stg/images/2017/03/17/7164VNCoolSummer-SuperDeals18MdmOu.jpg
https://goo.gl/cLXwlG,https://masoffer.r.worldssl.net/stg/images/2017/03/17/20170315090235-7163VNHATopHomeApplianceDeals11oU40F.jpg
https://goo.gl/85D6BQ,https://masoffer.r.worldssl.net/stg/images/2017/03/17/20170315090237-7162VNHLTopHomeandLivingDeals6c8eqN.jpg
https://goo.gl/Gur2cX,https://masoffer.r.worldssl.net/stg/images/2017/03/16/7146-VNELShockingiPhone7Deals-updateon083waNSR.jpg
https://goo.gl/ehZWzn,https://masoffer.r.worldssl.net/stg/images/2017/03/16/1200x250-ELtop101BYhsn.jpg
https://goo.gl/BqLlxe,https://masoffer.r.worldssl.net/stg/images/2017/03/15/Affiliate_1000x650vb6AS.jpg
https://goo.gl/GkKxkT,https://masoffer.r.worldssl.net/stg/images/2017/03/15/SanGiaSocGioChot_690_x_308_px7hE3O.jpg
https://goo.gl/qEeNGB,https://masoffer.r.worldssl.net/stg/images/2017/03/09/7134VNELDiscountUpto49pcforGameLovers5VAC9H.jpg
https://goo.gl/2FsDgm,https://masoffer.r.worldssl.net/stg/images/2017/03/07/Lam_dep_mua_leU0H5L.jpg
https://goo.gl/qLXe5X,https://masoffer.r.worldssl.net/stg/images/2017/03/03/7042VNHLKangaroo-ShockingPriceEveryday15DLJVH.jpg
https://goo.gl/xHnkuW,https://masoffer.r.worldssl.net/stg/images/2017/02/24/20170207123033-6976VNAllShockingPrice12ugB46.jpg
https://goo.gl/84H71S,https://masoffer.r.worldssl.net/stg/images/2017/02/24/5308VNAllSuperSaleupdateon1574yOaE.jpg
https://goo.gl/9123jQ,https://masoffer.r.worldssl.net/stg/images/2017/02/24/7089VNAllHuntHotDeal-GoldQuality1242E7q.jpg
https://goo.gl/dycjzc,https://masoffer.r.worldssl.net/stg/images/2016/12/13/EL10M-Site_720x389TgvID.jpg
https://goo.gl/N30uon,https://masoffer.r.worldssl.net/stg/images/2016/12/05/lam_dep_Ä‘au_tuangD0Rf.jpg
https://goo.gl/gkjxPa,https://img.masoffer.net/images/public_html/cdn.masoffer.net/stg/images/2017/05/22/1495435650_34ed9d1e5a0853f720bef6f50183c5e9_32625.png
https://goo.gl/zK1DqD,https://img.masoffer.net/images/public_html/cdn.masoffer.net/stg/images/2017/05/17/1495017815_d6feb8d7f5f69d1ae0a28e389ff8df4c_79615.png
https://goo.gl/Ozg5qi,https://img.masoffer.net/images/public_html/cdn.masoffer.net/stg/images/2017/05/15/1494820349_6a8549334fa54d2e46236fdf0dacc72d_12894.jpg
https://goo.gl/BQOZmr,https://img.masoffer.net/images/public_html/cdn.masoffer.net/stg/images/2017/05/05/1493967459_1a8fbad9f46d84b9feb75d7827439d7c_86093.png
https://goo.gl/GRDdoU,https://img.masoffer.net/images/public_html/cdn.masoffer.net/stg/images/2017/04/12/1491993111_f24fbef7499e417c67feda6c19587c0d_24792.jpg
https://goo.gl/4U3X9a,https://img.masoffer.net/images/public_html/cdn.masoffer.net/stg/images/2017/04/12/1491992803_dbc8df2f512ed802cf0bc002b7194d26_51345.jpg
https://goo.gl/K3EjvL,https://img.masoffer.net/images/public_html/cdn.masoffer.net/stg/images/2017/04/12/1491990734_cb84506d91ce3d9e03b87b1353ce57e6_57271.gif
https://goo.gl/fFxzCv,https://img.masoffer.net/images/public_html/cdn.masoffer.net/stg/images/2017/04/07/1491557027_f708d7817e63988edc238f5b22288564_47685.jpg
https://goo.gl/9yymx2,https://img.masoffer.net/images/public_html/cdn.masoffer.net/stg/images/2017/05/18/1495098702_5d5994be954eb80c654c26e26390ed11_42575.png
https://goo.gl/cvxXfc,https://img.masoffer.net/images/public_html/cdn.masoffer.net/stg/images/2017/05/18/1495098232_18733f7b241ba23da80adffa82f514f2_13031.png
https://goo.gl/AnvnmP,https://img.masoffer.net/images/public_html/cdn.masoffer.net/stg/images/2017/05/18/1495097339_42e3906bcd2e4d900f624036a403c041_27160.png
https://goo.gl/gkTfX8,https://img.masoffer.net/images/public_html/cdn.masoffer.net/stg/images/2017/05/18/1495096387_d84862b5256bf60c4ead7dd0543bfe2a_28360.png
https://goo.gl/tWqXwj,https://img.masoffer.net/images/public_html/cdn.masoffer.net/stg/images/2017/05/10/1494386177_8f7d91e8eceb5ac7d6b099fb34a1f3e5_56654.jpg