content|author
Pháp mầu tồn tại trên mặt đất, không ở trên bầu trời. Trải nghiệm chánh đạo sâu sắc do đức Phật khám phá và truyền bá sẽ chuyển hóa cuộc đời ta tốt đẹp hơn. Đây chính là con đường mang lại phép mầu đích thực cho thế giới khổ đau này.|Thích Nhật Từ
Hòa bình đích thực chỉ đến từ nội tại. Thiếu thực tập thiền chính niệm và tình huynh đệ phổ quát, hòa bình nội tại không thể tồn tại lâu dài và do vậy sự hiện hữu của chúng ta sẽ bị đe dọa.|Thích Nhật Từ
Hàng ngàn ngọn nến được thắp sáng từ một ngọn nến. Rừng thẳm tồn tại nhờ sự nối kết của nhiều cây. Hãy trở thành các ngọn nến sáng soi và các cây xanh hữu dụng cho tất cả chúng sinh.|Thích Nhật Từ
Không có chân lý nào có thể làm chúng ta được tự do, ngoại trừ bạn phải trải nghiệm hành trình giác ngộ một cách không buông lung, sâu sắc và thực tiễn.|Thích Nhật Từ
Mục đích của cuộc sống là sống cuộc đời hạnh phúc, chính niệm, hòa bình và tuệ giác.|Thích Nhật Từ
Nghệ thuật sống hạnh phúc là quên đi quá khứ vốn không còn nữa, không lo lắng tương lai vì chưa đến và sống giây phút hiện tại trong chính niệm và tuệ giác. Tất cả chúng ta có là tại đây và bây giờ.|Thích Nhật Từ
Trong đối thoại, việc bạn thắng hay thua, đối phương đúng hay sai không quan trọng. Điều quan trọng là cách thức bạn nhận chân và sống chân lý một cách an bình.|Thích Nhật Từ
Hãy tin chính mình, lập kế hoạch một cách sâu sắc hướng đến các mục tiêu có thể đạt được, tiến tới phía trước một cách bản lĩnh, giải quyết vấn nạn một cách hiệu quả, theo đó, thành tựu chắc chắn sẽ trong tầm tay của bạn.|Thích Nhật Từ
Nếu từ và bi có thể chuyển hóa thù thành bạn, thì quan điểm chân chính và trí tuệ có khả năng chuyển hóa khổ đau thành hạnh phúc.|Thích Nhật Từ
Người bạn đích thực sẽ lắng nghe ta một cách kiên nhẫn, giúp ta một cách sẵn lòng, nâng đỡ ta một cách vững trải, khuyên ngăn ta một cách khôn ngoan, trị liệu vết thương của ta một cách nhẹ nhàng và giúp ta chuyển hóa khổ đau một cách hiệu quả.|Thích Nhật Từ
Thái độ bi quan và sự bỏ cuộc nửa chừng là những yếu kém nhất. Thất bại là những thềm đá dẫn đến thành công. Hãy tạo động lực cho bản thân, phát triển ý chí thành tựu. Đừng bao giờ bỏ cuộc nửa chừng. Cách duy nhất đạt được thành tựu toàn hảo là nỗ lực thêm nhiều lần nữa với niềm hy vọng và tự tin.|Thích Nhật Từ
Đừng tiếc nuối quá khứ vì đã kết thúc. Đừng bận tâm tương lai vì chưa đến. Hãy nở nụ cười với phút giây hiện tại vì đây là thực tại. Tương lai rạng rỡ của bạn lệ thuộc vào những hành vi chân chính ở hiện tại.|Thích Nhật Từ
Thời gian của chúng ta trên cõi đời thật ngắn ngủi. Có nhiều việc cần phải làm trong quỹ thời gian giới hạn này. Do vậy, hãy quản trị thời gian và từng ngày một cách sâu sắc. Đừng phí phạm cuộc sống và thời gian quý giá.|Thích Nhật Từ
Sở dĩ người ta đau khổ chính vì mãi đeo đuổi những thứ sai lầm.|Đức Phật
Nếu anh không muốn rước phiền não vào mình, thì người khác cũng không cách nào gây phiền não cho bạn. Vì chính tâm bạn không buông xuống nổi.|Đức Phật
Bạn hãy luôn cảm ơn những ai đem đến nghịch cảnh cho mình.|Đức Phật
Bạn phải luôn mở lòng khoan dung lượng thứ cho chúng sanh, cho dù họ xấu bao nhiêu, thậm chí họ đã làm tổn thương bạn, bạn phải buông bỏ, mới có được niềm vui đích thực.|Đức Phật
Khi bạn vui, phải nghĩ rằng niềm vui này không phải là vĩnh hằng. Khi bạn đau khổ, bạn hãy nghĩ rằng nỗi đau này cũng không trường tồn.|Đức Phật
Sự chấp trước của ngày hôm nay sẽ là niềm hối hận cho ngày mai.|Đức Phật
Bạn có thể có tình yêu nhưng đừng nên dính mắc, vì chia ly là lẽ tất nhiên.|Đức Phật
Đừng lãng phí sinh mạng của mình trong những chốn mà nhất định bạn sẽ ân hận.|Đức Phật
Khi nào bạn thật sự buông xuống thì lúc ấy bạn sẽ hết phiền não.|Đức Phật
Mỗi một vết thương đều là một sự trưởng thành.|Đức Phật
Người cuồng vọng còn cứu được, người tự ti thì vô phương, chỉ khi nhận thức được mình, hàng phục chính mình, sửa đổi mình, mới có thể thay đổi người khác.|Đức Phật
Bạn đừng có thái độ bất mãn người ta hoài, bạn phải quay về kiểm điểm chính mình mới đúng. Bất mãn người khác là chuốc khổ cho chính bạn.|Đức Phật
Một người nếu tự đáy lòng không thể tha thứ cho người khác, thì lòng họ sẽ không bao giờ được thanh thản.|Đức Phật
Người mà trong tâm chứa đầy cách nghĩ và cách nhìn của mình thì sẽ không bao giờ nghe được tiếng lòng người khác.|Đức Phật
Hủy diệt người chỉ cần một câu, xây dựng người lại mất ngàn lời, xin bạn "Đa khẩu hạ lưu tình".|Đức Phật
Vốn dĩ không cần quay đầu lại xem người nguyền rủa bạn là ai? Giả sử bạn bị chó điên cắn bạn một phát, chẳng lẽ bạn cũng phải chạy đến cắn lại một phát?|Đức Phật
Đừng bao giờ lãng phí một giây phút nào để nghĩ nhớ đến người bạn không hề yêu thích.|Đức Phật
Mong bạn đem lòng từ bi và thái độ ôn hòa để bày tỏ những nỗi oan ức và bất mãn của mình, có như vậy người khác mới khả dĩ tiếp nhận.|Đức Phật
Cùng là một chiếc bình như vậy, tại sao bạn lại chứa độc dược? Cùng một mảnh tâm tại sao bạn phải chứa đầy những não phiền như vậy?|Đức Phật
Những thứ không đạt được, chúng ta sẽ luôn cho rằng nó đẹp đẽ, chính vì bạn hiểu nó quá ít, bạn không có thời gian ở chung với nó. Nhưng rồi một ngày nào đó khi bạn hiểu sâu sắc, bạn sẽ phát hiện nó vốn không đẹp như trong tưởng tượng của bạn.|Đức Phật
Sống một ngày là có diễm phúc của một ngày, nên phải trân quý. Khi tôi khóc, tôi không có dép để mang thì tôi lại phát hiện có người không có chân.|Đức Phật
Tốn thêm một chút tâm lực để chú ý người khác chi bằng bớt một chút tâm lực phản tỉnh chính mình, bạn hiểu chứ?|Đức Phật
Hận thù người khác là một mất mát lớn nhất đối với mình.|Đức Phật
Mỗi người ai cũng có mạng sống, nhưng không phải ai cũng hiểu được điều đó, thậm chí trân quý mạng sống của mình hơn. Người không hiểu được mạng sống thì mạng sống đối với họ mà nói chính là một sự trừng phạt.|Đức Phật
Tình chấp là nguyên nhân của khổ não, buông tình chấp bạn mới được tự tại.|Đức Phật
Đừng khẳng định về cách nghĩ của mình quá, như vậy sẽ đỡ phải hối hận hơn.|Đức Phật
Khi bạn thành thật với chính mình, thế giới sẽ không ai lừa dối bạn.|Đức Phật
Người che đậy khuyết điểm của mình bằng thủ đoạn tổn thương người khác là kẻ đê tiện.|Đức Phật
Người âm thầm quan tâm chúc phúc người khác, đó là một sự bố thí vô hình.|Đức Phật
Đừng gắng sức suy đoán cách nghĩ của người khác, nếu bạn không phán đoán chính xác bằng trí huệ và kinh nghiệm thì mắc phải nhầm lẫn là lẽ thường tình.|Đức Phật
Muốn hiểu một người, chỉ cần xem mục đích đến và xuất phát điểm của họ có giống nhau không, thì có thể biết được họ có thật lòng không.|Đức Phật
Chân lý của nhân sinh chỉ là giấu trong cái bình thường đơn điệu.|Đức Phật
Người không tắm rửa thì càng xức nước hoa càng thấy thối. Danh tiếng và tôn quý đến từ sự chân tài thực học. Có đức tự nhiên thơm.|Đức Phật
Thời gian sẽ trôi qua, để thời gian xóa sạch phiền não của bạn đi.|Đức Phật
Bạn cứ xem những chuyện đơn thuần thành nghiêm trọng, như thế bạn sẽ rất đau khổ.|Đức Phật
Người luôn e dè với thiện ý của người khác thì hết thuốc cứu chữa.|Đức Phật
Nói một lời dối gian thì phải bịa thêm mười câu không thật nữa để đắp vào, cần gì khổ như vậy?|Đức Phật
Sống một ngày vô ích, không làm được chuyện gì, thì chẳng khác gì kẻ phạm tội ăn trộm.|Đức Phật
Quảng kết chúng duyên, chính là không làm tổn thương bất cứ người nào.|Đức Phật
Im lặng là một câu trả lời hay nhất cho sự phỉ báng.|Đức Phật
Cung kính đối với người là sự trang nghiêm cho chính mình.|Đức Phật
Có lòng thương yêu vô tư thì sẽ có tất cả.|Đức Phật
Đến là ngẫu nhiên, đi là tất nhiên. Cho nên bạn cần phải "Tùy duyên mà hằng bất biến, bất biến mà hằng tùy duyên".|Đức Phật
Từ bi là vũ khí tốt nhất của chính bạn.|Đức Phật
Chỉ cần đối diện với hiện thực, bạn mới vượt qua hiện thực.|Đức Phật
Lương tâm là tòa án công bằng nhất của mỗi người, bạn dối người khác được nhưng không bao giờ dối nổi lương tâm mình.|Đức Phật
Người không biết yêu mình thì không thể yêu được người khác.|Đức Phật
Có lúc chúng ta muốn thầm hỏi mình, chúng ta đang đeo đuổi cái gì? Chúng ta sống vì cái gì?|Đức Phật
Đừng vì một chút tranh chấp mà xa lìa tình bạn chí thân của bạn, cũng đừng vì một chút oán giận mà quên đi thâm ân của người khác.|Đức Phật
Cảm ơn đời với những gì tôi đã có, cảm ơn đời những gì tôi không có.|Đức Phật
Nếu có thể đứng ở góc độ của người khác để nghĩ cho họ thì đó mới là từ bi.|Đức Phật
Nói năng đừng có tánh châm chọc, đừng gây thương tổn, đừng khoe tài cán của mình, đừng phô điều xấu của người, tự nhiên sẽ hóa địch thành bạn.|Đức Phật
Thành thật đối diện với mâu thuẫn và khuyết điểm trong tâm mình, đừng lừa dối chính mình.|Đức Phật
Nhân quả không nợ chúng ta thứ gì, cho nên xin đừng oán trách nó.|Đức Phật
Đa số người cả đời chỉ làm được ba việc: Dối mình, dối người, và bị người dối.|Đức Phật
Tâm là tên lừa đảo lớn nhất, người khác có thể dối bạn nhất thời, nhưng nó lại gạt bạn suốt đời.|Đức Phật
Chỉ cần tự giác tâm an, thì đông tây nam bắc đều tốt. Nếu còn một người chưa độ thì đừng nên thoát một mình.|Đức Phật
Khi trong tay bạn nắm chặt một vật gì mà không buông xuống, thì bạn chỉ có mỗi thứ này, nếu bạn chịu buông xuống, thì bạn mới có cơ hội chọn lựa những thứ khác. Nếu một người luôn khư khư với quan niệm của mình, không chịu buông xuống thì trí huệ chỉ có thể đạt đến ở một mức độ nào đó mà thôi.|Đức Phật
Nếu bạn có thể sống qua những ngày bình an, thì đó chính là một phúc phần rồi. Biết bao nhiêu người hôm nay đã không thấy được vầng thái dương của ngày mai, biết bao nhiêu người hôm nay đã trở thành tàn phế, biết bao nhiêu người hôm nay đã đánh mất tự do, biết bao nhiêu người hôm nay đã trở thành nước mất nhà tan.|Đức Phật
Bạn có nhân sinh quan của bạn, tôi có nhân sinh quan của tôi, tôi không dính dáng gì tới bạn. Chỉ cần tôi có thể, tôi sẽ cảm hóa được bạn. Nếu không thể thì tôi đành cam chịu.|Đức Phật
Bạn hy vọng nắm được sự vĩnh hằng thì bạn cần phải khống chế hiện tại.|Đức Phật
Ác khẩu, mãi mãi đừng để nó thốt ra từ miệng chúng ta, cho dù người ta có xấu bao nhiêu, có ác bao nhiêu. Bạn càng nguyền rủa họ, tâm bạn càng bị nhiễm ô, bạn hãy nghĩ, họ chính là thiện tri thức của bạn.|Đức Phật
Người khác có thể làm trái nhân quả, người khác có thể tổn hại chúng ta, đánh chúng ta, hủy báng chúng ta. Nhưng chúng ta đừng vì thế mà oán hận họ, vì sao? Vì chúng ta nhất định phải giữ một bản tánh hoàn chỉnh và một tâm hồn thanh tịnh.|Đức Phật
Nếu một người chưa từng cảm nhận sự đau khổ khó khăn thì rất khó cảm thông cho người khác. Bạn muốn học tinh thần cứu khổ cứu nạn, thì trước hết phải chịu đựng được khổ nạn.|Đức Phật
Thế giới vốn không thuộc về bạn, vì thế bạn không cần vứt bỏ, cái cần vứt bỏ chính là những tánh cố chấp. Vạn vật đều cung ứng cho ta, nhưng không thuộc về ta.|Đức Phật
Bởi chúng ta không thể thay đổi được thế giới xung quanh, nên chúng ta đành phải sửa đổi chính mình, đối diện với tất cả bằng lòng từ bi và tâm trí huệ.|Đức Phật
Thất bại lớn nhất của đời người là tự đại.|Đức Phật
Ngu dốt lớn nhất của đời người là dối trá.|Đức Phật
An ủi lớn nhất của đời người là Bố thí.|Đức Phật
Đáng khâm phục nhất của đời người là vươn lên sau khi ngã.|Đức Phật
Tài sản lớn nhất của đời người là sức khỏe và trí tuệ.|Đức Phật
Khiếm khuyết lớn nhất của đời người là kém hiểu biết.|Đức Phật
Những lời nhân từ tử tế có thể ngắn và dễ nói song âm vang của chúng thật còn mãi.|Đức Phật
Chạy trốn một nan đề chỉ làm cho việc giải quyết lùi xa thêm mà thôi! Cách dễ nhất để thoát khỏi nan đề là giải quyết nó.|Đức Phật
Cách hay nhất trong cuộc sống là hãy lắng nghe mọi người và học nơi mọi người, vì không ai là biết tất cả và mỗi người biết một điều gì đó.|Đức Phật
Sai lầm lớn nhất của đời người là đánh mất chính mình.|Đức Phật
Hạnh phúc không phải là điều tự nhiên mà có. Nó đến từ những hành động của chính bạn.|Đức Đạt Lai Lạt Ma
Tình yêu là sự vắng bóng của xét đoán.|Đức Đạt Lai Lạt Ma
Tôn giáo của tôi rất đơn giản. Tôn giáo của tôi là lòng tốt.|Đức Đạt Lai Lạt Ma
Hãy nhớ rằng mối quan hệ tốt nhất là mối quan hệ mà tình yêu bạn dành cho nhau vượt hơn sự cần phải có nhau.|Đức Đạt Lai Lạt Ma
Im lặng đôi khi là câu trả lời tốt nhất.|Đức Đạt Lai Lạt Ma
Tình yêu và lòng từ bi là những điều cần thiết, không phải xa xỉ. Không có nó, loài người không thể sống còn.|Đức Đạt Lai Lạt Ma
Mục đích chính trong đời của chúng ta là giúp đỡ người khác. Và nếu bạn không thể giúp họ, ít nhất đừng hại họ.|Đức Đạt Lai Lạt Ma
Nếu một vấn đề có thể giải quyết được, chẳng có gì mà phải lo lắng. Nếu một vấn đề không thể giải quyết được, lo lắng cũng chẳng có ích gì. Vậy thì tại sao phải lo lắng?|Đức Đạt Lai Lạt Ma
Đây là tôn giáo đơn giản của tôi. Không cần đền chùa. Không cần triết lý phức tạp. Tâm trí bạn chính là đền chùa. Và lòng tốt chính là triết lý.|Đức Đạt Lai Lạt Ma
Mục đích chính của tôn giáo là để rao giảng tình yêu, từ bi, nhẫn nại, chịu khó, khiêm tốn và tha thứ.|Đức Đạt Lai Lạt Ma
Nên biết rằng một tình yêu lớn và một thành công lớn luôn chứa đựng một sự mạo hiểm lớn.|Đức Đạt Lai Lạt Ma
Nếu bạn muốn người khác hạnh phúc, luyện tập từ bi. Nếu bạn muốn chính mình hạnh phúc, luyện tập từ bi.|Đức Đạt Lai Lạt Ma
Hãy nhìn những đứa trẻ. Khi chúng giận ai, chúng biểu lộ ra, xong rồi thôi. Chúng vẫn có thể chơi với người đó vào ngày mai.|Đức Đạt Lai Lạt Ma
Bạn phải hỏi chính mình xem bạn muốn sống như thế nào. Chúng ta sống rồi chúng ta chết, đây là sự thật mà chỉ một mình chúng ta có thể đối diện. Không ai có thể cứu chúng ta, ngay cả Phật. Nên hãy suy ngẫm cẩn thận, điều gì đang ngăn chặn bạn khỏi lối sống mà bạn muốn sống?|Đức Đạt Lai Lạt Ma
Mọi khổ đau đều bắt nguồn từ vô minh. Người ta làm tổn thương nhau chỉ vì ích kỉ theo đuổi hạnh phúc và thỏa mãn cho chính họ.|Đức Đạt Lai Lạt Ma
Càng được thúc đẩy bởi tình yêu, hành động của bạn càng tự do và không sợ hãi.|Đức Đạt Lai Lạt Ma
Chúng ta có thể sống mà không có tôn giáo hay thiền định, nhưng chúng ta không thể sống mà không có tình người.|Đức Đạt Lai Lạt Ma
Bạn cũ đi, bạn mới đến. Cũng như ngày cũ đi, ngày mới đến. Điều quan trọng là phải làm sao cho nó có ý nghĩa, một người bạn ý nghĩa, hay một ngày mới ý nghĩa.|Đức Đạt Lai Lạt Ma
Chúng ta không bao giờ có thể có được hòa bình trên thế giới cho tới khi chúng ta có được hòa bình trong thâm tâm.|Đức Đạt Lai Lạt Ma
Mục đích của tất cả những truyền thống tôn giáo lớn trên thế giới không phải là để xây dựng những ngôi đền to lớn bên ngoài, mà là để xây dựng những ngôi đền thiện lành và từ bi bên trong, trong trái tim chúng ta.|Đức Đạt Lai Lạt Ma
Cách để thay đổi suy nghĩ người khác là bằng tình cảm, không phải bằng giận dữ.|Đức Đạt Lai Lạt Ma
Hãy chia sẻ kiến thức của bạn. Đó là cách để trở thành bất tử.|Đức Đạt Lai Lạt Ma
Sống không giận không hờn không oán trách, Sống mỉm cười với thử thách chông gai, Sống vươn lên theo kịp ánh ban mai, Sống chan hòa với những người chung sống.|Thích Nhất Hạnh
Sống là động nhưng lòng luôn bất động, Sống là thương nhưng lòng chẳng vấn vương, Sống yên vui danh lợi mãi coi thường, Tâm bất biến giữa dòng đời vạn biến.|Thích Nhất Hạnh
Trăm năm trước thì ta chưa gặp, Trăm năm sau biết gặp lại không, Cuộc đời sắc sắc không không, Thôi thì hãy sống hết lòng với nhau.|Thích Nhất Hạnh
Đẹp là khi bạn là chính mình, không cần được ai đó công nhận, bạn chỉ cần chấp nhận bản thân mình.|Thích Nhất Hạnh
Vì bạn còn sống, mọi chuyện đều có thể xảy ra.|Thích Nhất Hạnh
Thức dậy vào mỗi buổi sáng, Tôi mỉm cười. Hai mươi bốn giờ mới đang ở trước mắt. Tôi hứa sống với từng khoảnh khắc và nhìn mọi vật bằng con mắt thương cảm.|Thích Nhất Hạnh
Cuộc sống chỉ hiện hữu ở giây phút hiện tại.|Thích Nhất Hạnh
Niềm hy vọng rất quan trọng vì nó có thể làm cho hiện tại bớt khó khăn hơn. Nếu chúng ta tin vào ngày mai tươi sáng, ta có thể đương đầu với thử thách của hôm nay.|Thích Nhất Hạnh
Quá khứ đã qua đi, tương lai vẫn chưa đến, và nếu ta không quay lại với hiện tại, ta không thể bắt nhịp với cuộc sống.|Thích Nhất Hạnh
Nếu bạn yêu ai đó, món quà quí nhất bạn có thể tặng họ là sự có mặt của mình.|Thích Nhất Hạnh
Tôi hứa với chính mình rằng, tôi sẽ tận hưởng từng giây phút mà mình có được để sống.|Thích Nhất Hạnh
Vì bạn cười, bạn làm cuộc sống này đẹp hơn.|Thích Nhất Hạnh
Mỉm cười, thở và đi từng bước.|Thích Nhất Hạnh
Thấu hiểu nỗi đau của người khác là món quà to lớn nhất mà bạn có thể trao tặng họ. Thấu hiểu là tên gọi khác của yêu thương. Nếu bạn không thể thấu hiểu, thì bạn chẳng thể yêu thương.|Thích Nhất Hạnh
Cũng như một người làm vườn biết cách dùng phân bón để cho ra những bông hoa tươi đẹp, người tu tập biết tận dụng nỗi đau khổ để tạo ra hạnh phúc.|Thích Nhất Hạnh
Tự do có được nhờ tu tập và thói quen. Bạn phải rèn luyện mình cách bước đi như một người tự do, ngồi như một người tự do và ăn như một người tự do. Chúng ta phải rèn luyện bản thân về cách sống như thế nào.|Thích Nhất Hạnh
Nói "Tôi yêu bạn" có nghĩa là "Tôi có thể mang tới cho bạn sự bình yên và hạnh phúc". Để làm được điều đó, trước tiên, chính bạn phải là người có được những điều đó đã.|Thích Nhất Hạnh
Một người tức giận là do không giải quyết được những đau buồn của mình. Họ là nạn nhân đầu tiên của sự đau buồn đó, còn bạn là người thứ hai. Hiểu được điều này, lòng từ bi sẽ nảy nở trong tim và sự tức giận sẽ tan biến. Đừng trừng phạt họ, thay vào đó, hãy nói gì đó, làm gì đó để vơi bớt nỗi đau buồn.|Thích Nhất Hạnh
Chúng ta được tạo ra từ ánh sáng. Chúng ta là những đứa trẻ của ánh sáng. Chúng ta là con cái của thần mặt trời.|Thích Nhất Hạnh
Mỗi người chúng ta nên tự hỏi mình: Tôi thật sự muốn gì? Trở thành người thành công số 1? Hay đơn giản là người hạnh phúc? Để thành công, bạn có thể phải hi sinh hạnh phúc của mình. Bạn có thể trở thành nạn nhân của thành công, nhưng bạn không bao giờ là nạn nhân của hạnh phúc.|Thích Nhất Hạnh
Hãy bước đi như thể bạn đang hôn trái đất bằng bàn chân của mình.|Thích Nhất Hạnh
Khi một người làm bạn đau khổ, ấy là vì ẩn sâu bên trong, nỗi đau khổ của anh ta đang tràn trề. Anh ta không đáng bị trừng phạt. Anh ta cần sự giúp đỡ.|Thích Nhất Hạnh
Đôi khi niềm vui mang tới nụ cười. Nhưng cũng đôi khi, chính nụ cười mang tới niềm vui.|Thích Nhất Hạnh
Hạnh phúc là được là chính mình. Bạn không cần phải được thừa nhận bởi người khác. Chỉ cần chính bạn thừa nhận mình là được rồi.|Thích Nhất Hạnh
Bởi vì bạn đang sống nên mọi thứ đều có thể thành sự thật.|Thích Nhất Hạnh
Hãy cười, thở và bước đi thật chậm.|Thích Nhất Hạnh
Mỗi sáng thức dậy, tôi lại mỉm cười. Hai mươi tư tiếng mới mẻ đang ở trước mắt tôi. Tôi nguyện sống trọn cho từng phút giây và xem xét mọi thứ bằng ánh nhìn từ bi.|Thích Nhất Hạnh
Những mầm mống khổ đau trong bạn có thể thật mạnh mẽ, nhưng đừng đợi cho đến khi mọi khổ đau đi hết rồi mới cho phép mình được hạnh phúc.|Thích Nhất Hạnh
Nhiều người cho rằng sự náo nhiệt là hạnh phúc. Nhưng khi quá náo nhiệt, sẽ không có bình yên. Hạnh phúc thật sự dựa trên sự bình yên.|Thích Nhất Hạnh
Hành động của tôi nói lên tôi là ai.|Thích Nhất Hạnh
Niềm hi vọng là điều rất quan trọng. Nó giúp cho hiện tại bớt khắc nghiệt. Nếu ta hi vọng rằng ngày mai sẽ tốt đẹp hơn, ta sẽ chịu đựng được khó khăn của hôm nay.|Thích Nhất Hạnh
Nếu bạn yêu ai đó nhưng hiếm khi dành thời gian cho họ thì đó không phải tình yêu thật sự.|Thích Nhất Hạnh
Tình yêu của bạn phải khiến cho người yêu cảm thấy tự do.|Thích Nhất Hạnh
Thời khắc hiện tại tràn ngập niềm vui và hạnh phúc. Chỉ cần bạn để tâm, bạn sẽ nhìn thấy chúng.|Thích Nhất Hạnh
Tôi tự hứa với lòng mình rằng tôi sẽ vui sống từng phút giây mà đời ban cho tôi.|Thích Nhất Hạnh
Tất cả suy nghĩ, lời nói, hành động của bạn đều mang dấu ấn của riêng bạn.|Thích Nhất Hạnh
Con người đau khổ là vì các thành kiến. Khi nhìn mọi thứ cởi mở hơn, chúng ta sẽ tự do và chẳng còn khổ đau nữa.|Thích Nhất Hạnh
Nếu chúng ta bình an, chúng ta hạnh phúc, chúng ta có thể cười. Và mọi người trong gia đình, trong xã hội có thể hưởng niềm vui từ chính sự bình an của ta.|Thích Nhất Hạnh
Cội nguồn của tình yêu nằm sâu trong mỗi chúng ta. Chúng ta có thể giúp người khác hạnh phúc. Một lời nói, một hành động, một suy nghĩ cũng có thể làm vơi nỗi buồn và tăng hạnh phúc cho người khác.|Thích Nhất Hạnh
Tôi đã tới. Tôi đang ở nơi cần ở. Điểm đến của tôi nằm trên mỗi bước đi.|Thích Nhất Hạnh
Chúng ta cần học cách nghỉ ngơi và thư giãn. Nó giúp ta phòng chống bệnh tật và giảm ngừa căng thẳng. Nó giúp ta có tâm trí sáng suốt để tập trung giải quyết các vấn đề.|Thích Nhất Hạnh
Mỗi hơi thở, mỗi bước đi của chúng ta có thể lấp đầy bởi bình an, hạnh phúc và sự thanh thản.|Thích Nhất Hạnh
Tĩnh lặng là điều cốt lõi. Chúng ta cần tĩnh lặng như chúng ta cần không khí, như cái cây cần ánh sáng. Nếu tâm trí chúng ta lúc nào cũng đầy những từ ngữ và suy nghĩ, thì lấy đâu ra không gian cho chính chúng ta.|Thích Nhất Hạnh
Nhiệm vụ quan trọng nhất của nền văn minh là dạy cho con người biết tư duy.|Khuyết danh
Người nào hay nói về mình là người chỉ nghĩ đến mình và người chỉ nghĩ đến mình là người thiếu giáo dục, dù học vấn của họ đến đâu chăng nữa.|Khuyết danh
Sự học trước hết phải biết phân biệt việc nghĩa với việc hại.|Khuyết danh
Thói xấu nhất là sự buông tuồng, kẻ thù nguy hiểm nhất là sự ngu dốt.|Ngạn ngữ Nhật Bản
Học mà không suy nghĩ thì vô ích; suy nghĩ mà không học thì hiểm nghèo.|Khổng Tử
Giáo dục một người là đào luyện cho họ có thể đối đầu với mọi hoàn cảnh.|Khuyết danh
Chừng nào anh chưa sửa được chính mình, anh không thể sửa được người khác.|Ngạn ngữ Trung Quốc
Cái ích lợi nhất rút từ những kiến thức ra là cái giúp ta những quan niệm chính xác về bản thân và dạy ta biết cách xử thế.|Khuyết danh
Sách là kho tàng đã và đang cho ta trí tuệ và biến ta thành người có tri thức, học rộng, tài cao.|Khuyết danh
Pháp luật đơn giản và cố định luôn tốt hơn pháp luật hoàn thiện mà lại không có uy quyền.|Xiusdide
Đừng cho rằng mình cao nhất, pháp luật còn cao hơn.|Thomas
Pháp luật là vị quan tòa không biết nói, và quan tòa là pháp luật biết nói.|Jiayerwene
Thật đáng tiếc rằng để trở thành một người yêu nước tốt, anh phải trở thành kẻ thù của tất cả phần còn lại của nhân loại.|Voltaire
Nếu có một ngày, tôi có đủ khả năng cống hiến cho lợi ích công cộng của chúng ta, tôi cho rằng mình sẽ là người hạnh phúc nhất thế giới.|Ingres
Ai mong cầu càng ít, hạnh phúc của họ càng lớn; ai hi vọng càng ít, tự do của họ sẽ càng nhiều.|Gorky
Không có ai yêu đất nước mình vì lãnh thổ lớn hay nhỏ hoặc vì sức nước mạnh hay yếu. Mọi người yêu nó vì nó là tổ quốc của mình.|Seneca
Không có chiếc chìa khoá vạn năng nào có thể mở cửa vào nền văn hoá của một dân tộc, ngoại trừ chính tâm hồn của dân tộc ấy.|Khuyết danh
Không có con đê pháp luật án ngữ thì tự do chỉ là một dòng sông phá hoại.|J. B. Say
Người vĩ đại là cột mốc và giới tuyến của quốc gia.|Edmund Burke
Tự do là ngọc vô giá mà thượng đế đã ban cho chúng ta, tất cả tài sản dưới lòng đất hay ở đáy biển sâu đều không thể sánh bằng. Tự do và thể diện như nhau, đáng được cầm tính mệnh để liều mạng. Mất tự do trở thành nô dịch là việc đau khổ nhất đời người.|Cervantes
Kẻ phản bội tổ quốc, đầu hàng ngoại bang, vừa không được sự tôn trọng của ngoại bang, vừa bị sự khinh miệt của đồng bào.|Aisopos
Chỗ kết thúc của pháp luật là nơi bắt đầu của chuyên chế.|Peter
Nếu cả quốc gia thật sự đã cảm thấy nhục nhã, vậy nó sẽ giống như con sư tử dưới hình dạng sâu đo, chuẩn bị lao về phía trước.|Marx
Tự do tuyệt đối của một cá nhân là điên cuồng, tự do tuyệt đối của một quốc gia là hỗn loạn.|Romain Rolland
Tự do có giá trị quan trọng hơn bất kì tư tưởng nào, khi tiếp nhận ơn huệ thì đã mất đi tự do.|Sadi
Tôi chỉ nuối tiếc một điều: tôi chỉ có một sinh mệnh hy sinh vì tổ quốc.|Hal
Chỉ có vì lợi ích chung của quốc gia mà thực hiện báo thù mới là chính nghĩa.|Bacon
Tự do không phải là quyền lợi mà là nghĩa vụ.|Berdaev
Vinh dự lớn nhất là được bảo vệ Tổ quốc.|Aristotle
Bi kịch châm biếm mọi thứ pháp luật không quản nổi, hài kịch châm biếm mọi thứ pháp luật không đụng tới.|Lessing
Giá trị của quốc gia, nói ngắn gọn chính là sự tổng hợp tất cả những giá trị của nhân dân trên quốc gia đó.|Mille
Tự do trong lương tâm là cái thiện trong tinh thần chí cao vô thượng.|Ciweger
Cuộc sống không phải là tất cả. Còn cần biết sống một cuộc đời không phải vì mình, mà vì mọi người, vì Tổ quốc.|A. Bogomolet
Pháp luật phải giống như cái chết, không khoan dung bất kì ai.|Montesquieu
Chỉ có một việc quan trọng nhất là yêu nhân dân, yêu tổ quốc, dùng trí óc và linh hồn để phục vụ.|Nicolaisuyev
Lịch sử là truyện kí của quốc gia và nhân loại.|Lev Tolstoy
Tổ quốc quan trọng hơn sinh mệnh, là cha mẹ của chúng ta, là đất đai của chúng ta.|Marie Curie
Khi giải quyết tranh chấp riêng tư, trước pháp luật, mọi người đều bình đẳng.|Xiusdide
Duy chỉ có phục tùng pháp luật mà mọi người đã đặt ra vì mình mới là tự do.|Rousseau
Bạn có thể khiến mọi người rời bỏ quê hương họ, nhưng bạn không thể cướp mất quê hương trong trái tim họ.|Dos Parsons
Công dân tự do chính là cá nhân có thể dùng lời nói và chữ viết biểu đạt tự do của niềm tin chính trị; khoan dung chính là tôn trọng bất kỳ tín ngưỡng nào của người khác.|Einstein
Dù tôi không làm gì cũng luôn nghĩ, nếu tinh thần và sức lực cho phép, tôi chỉ muốn phục vụ cho tổ quốc mình trước tiên.|Pavlov
Pháp luật là đạo đức biển hiện ra bên ngoài, đạo đức là pháp luật ẩn giấu bên trong.|Lincoln
Mục đích của quốc gia là mưu cầu hạnh phúc cho nhân dân.|Hegel
Một ngày nào đó tự do bắt đầu bén rễ, nó trở thành một loại thực vật sinh trưởng cực nhanh.|Washington
Chân lý và tổ quốc không thể tách rời nhau, chúng phải hợp làm một.|Romain Rolland
Có hai sức mạnh mang đến sự yên ổn: pháp luật và đạo đức.|Geothe
Chỉ có quốc gia mới đáng được bảo vệ, đáng được quan tâm, đáng để bạn tận trung.|Mark Twain
Người không yêu tự do và chân lý, có thể trở thành người mạnh mẽ nhất, nhưng tuyệt đối không thể trở thành người vĩ đại.|Voltaire
Đạo đức cao thượng nhất của nhân loại là gì? Đó chính là lòng yêu nước.|Napoleon
Với nhân dân, quyền lực duy nhất là pháp luật; với cá nhân, quyền lực duy nhất là lương tâm.|Hugo
Tình yêu gia đình là mầm mống của tình yêu quê hương và của nhân đức xã hội.|P. Bokentanô
Sự phát triển của chính trị, pháp quyền, triết học, tôn giáo, văn học, nghệ thuật… đều lấy kinh tế làm cơ sở. Nhưng chúng lại ảnh hưởng lẫn nhau và ảnh hưởng tới cơ sở kinh tế.|Engels
Tình yêu, việc làm, gia đình, tôn giáo, mỹ thuật, lòng ái quốc là những ngôn từ rỗng tuếch đối với kẻ đói ăn.|O. Henry
Một dân tộc tìm cách tránh chiến tranh bằng cái giá của sự nhục nhã thì cuối cùng sẽ nhận lấy cả sự nhục nhã và chiến tranh.|Winston Churchill
Sự nghiệp đừng mong không bị chông gai, vì không bị chông gai thì chí nguyện không kiên cường.|Khổng Tử
Thành công không phải chìa khóa mở cửa hạnh phúc. Hạnh phúc là chìa khóa dẫn tới thành công. Nếu bạn yêu điều bạn đang làm, bạn sẽ thành công.|Khuyết Danh
Cái tuổi nhảy sang Hai Lăm nhanh như điện, cứ như ngủ một giấc, tỉnh dậy và biết rằng cơm áo gạo tiền đáng lo hơn là cái cô đơn nằm dằn lòng ở đâu đó. Cái tuổi mà người ta không thể hỏi "đam mê ở đâu?" mà người ta phải hỏi "kiếm tiền ở đâu bây giờ?"|Khuyết Danh
Tôi tin rằng khoảng một nửa những gì khác biệt giữa doanh nhân thành đạt và không thành đạt là sự kiên trì tuyệt đối.|Steve Jobs
Thực ra rất nhiều người con gái không hề quan tâm bạn có nhiều tiền hay không, điều cô ấy quan tâm chỉ là bạn có nỗ lực phấn đấu để thay đổi hiện tại hay không; cô ấy không quan tâm trong cuộc sống liệu bạn có gặp nhiều khó khăn hay không, cô ấy chỉ quan tâm liệu bạn có thể đứng dậy sau mỗi lần vấp ngã; cô ấy không quan tâm bạn có lãng mạn hay không, điều cô ấy muốn là có thể cảm nhận được tình yêu của bạn mỗi ngày; cô ấy không để ý tình trạng hiện nay của bạn ra sao, cô ấy chỉ muốn biết liệu có thể nhìn thấy được tương lai của hai người hay không.|Hòa Hỏa
Thật khó để khiến những người có mọi thứ quan tâm tới những người chẳng có thứ gì.|Helen Keller
Không còn trẻ, chúng ta sẽ nói tuổi trẻ thật tốt; nhìn thấy cái chết, sẽ nói sống thật tốt. Khi đau lòng, không được như ý, lại không nói ra được sống có gì hay. Nhưng nếu không thể sống tiếp cũng không nhìn thấy quanh co, trắc trở của đời người, cũng sẽ không biết đau khổ mà mình từng cho rằng không thể chịu đựng được rồi sẽ qua đi. Khi bạn cho rằng lòng đã hoang vắng, thì nó lại nở hoa một cách bất ngờ. Khoảnh khắc ấy, tất cả mọi hoang vắng đều trở thành chuyện xưa. Sống được chính là quân vương.|Trương Tiểu Nhàn
Thay vì so sánh mình với những người may mắn hơn mình, ta nên so sánh mình với số đông con người. Và rồi sẽ có vẻ như chúng ta là những người may mắn.|Helen Keller
Nhiệm vụ của thanh niên không phải là đòi hỏi Nước nhà đã cho mình những gì, mà phải tự hỏi mình đã làm gì cho Nước nhà? Mình phải làm thế nào cho ích lợi Nước nhà nhiều hơn? Mình đã vì lợi ích Nước nhà mà hy sinh phấn đấu đến chừng nào?|Hồ Chí Minh
Nhiều người có ý tưởng sai lầm về điều sản sinh ra hạnh phúc đích thực. Nó không đạt được qua sự tự thỏa mãn mà qua sự trung thành với một mục đích đáng giá.|Helen Keller
Thành công là một người thầy tồi tệ. Nó quyến rũ những người thông minh vào ý nghĩ rằng họ không thể thất bại.|Bill Gates
Cuộc đời này là như thế đấy, đàn ông tìm kiếm giàu sang, phụ nữ tìm kiếm đàn ông. Đàn ông hy sinh phụ nữ để tạo dựng thành công cho chính mình, phụ nữ hy sinh chính mình để tạo dựng thành công cho đàn ông. Nếu chúng ta phải hy sinh nhiều thế thì tuyệt đối không được hy sinh cho nhầm người.|Huyền Ân & Thi Định Nhu
Ta không thể kiểm soát mọi thứ xảy ra với mình, nhưng ta có thể kiểm soát thái độ của ta đối với những điều xảy đến với ta, và như thế, ta sẽ kiểm soát sự thay đổi thay vì để nó kiểm soát ta.|Brian Tracy
Mẹ không có ô tô, mẹ không có xe máy, nhưng được ấp sau lưng mẹ là hạnh phúc lớn nhất của đời con.|Khuyết Danh
Nếu bạn nghĩ rằng giáo viên của mình thật hắc ám thì hãy đợi đến khi bạn làm việc dưới trướng một ông chủ. Rồi bạn sẽ thấy với ông ta thì không có khái niệm nhiệm kỳ nắm quyền.|Bill Gates
Trong đời người ta sẽ bị ném đá một vài lần, đau lắm lắm nhưng chết vì mấy cục đá đó thì lãng phí quá…|Nguyễn Ngọc Tư
Bạn sẽ không thể kiếm được 40.000 USD/năm ngay sau khi tốt nghiệp trung học. Bạn cũng không là một ông sếp lớn có điện thoại gắn trên ô tô cho đến khi bạn kiếm được hai thứ đó.|Bill Gates
Bạn không cần phải trở thành thiên tài hay người có tầm nhìn hoặc tốt nghiệp đại học thì mới được coi là thành công. Bạn chỉ cần có một nền tảng và có ước mơ.|Michael Dell
Nếu bạn sinh ra trong nghèo khó, đó không phải là lỗi của bạn. Nhưng nếu bạn chết trong nghèo khó, thì đó là lỗi của bạn.|Bill Gates
Là người giàu nhất trong nghĩa trang không quan trọng với tôi… Khi đi ngủ và nghĩ rằng mình đã làm điều gì đó tuyệt vời… đây mới là điều tôi quan trọng.|Steve Jobs
Một người chỉ toàn vẹn khi có một người bạn chân thực có thể hiểu mình, chia sẻ mọi đam mê và buồn phiền và ủng hộ mình suốt cả cuộc đời.|Jennifer L. Armentrout
Tôi không có ý niệm muốn làm gì trong tương lai và cũng không hiểu trường học sẽ giúp tôi xác định lối đi thế nào. Ở đó, tôi tiêu hết số tiền mà bố mẹ dành dụm cả đời. Vì thế tôi quyết định nghỉ học với niềm tin rằng rồi mọi chuyện sẽ ổn cả thôi.|Steve Jobs
Trước khi số đông con người tràn đầy tinh thần trách nhiệm đối với lợi ích của người khác, công bằng xã hội sẽ chẳng bao giờ đạt được.|Helen Keller
Kiên nhẫn là yếu tố quan trọng của thành công.|Bill Gates
Khi bạn có tiền trong tay, chỉ có bạn quên mất mình là ai. Nhưng khi bạn không có đồng nào, cả thế giới sẽ quên mất bạn là ai. Đó là cuộc sống!|Bill Gates
Mô hình cho kinh doanh của tôi là ban nhạc The Beatles: Họ là 4 chàng trai đã tạo nên sự cân bằng cho nhau, tạo nên sự nổi tiếng cho lẫn nhau. Với tôi, tổng số là quan trọng hơn so với những phần rời rạc.|Steve Jobs
Thành công và hạnh phúc nằm trong bạn. Quyết tâm hạnh phúc, và niềm vui sẽ đi cùng bạn để hình thành đạo quân bất khả chiến bại chống lại nghịch cảnh.|Helen Keller
Apple không phải là sàn diễn của riêng tôi. Ở đây còn có rất nhiều con người tài năng khác, thậm chí là những người bị cả thế giới nói rằng là một kẻ thua cuộc. Nhưng họ sẽ thay đổi khi đến với Apple dưới sự quản lý của một đội ngũ nhân sự cao cấp.|Steve Jobs
Muốn đăng xuất khỏi một hệ thống, bạn phải đăng nhập trước đã.|Phạm Tùng
Mọi gia đình hạnh phúc đều giống nhau. Còn những gia đình bất hạnh thì hoàn toàn khác nhau.|Lev Tolstoi
Lạy chúa, xin đừng bao giờ để con thấy mùa hè không hoa đỏ, lồng không chim, tổ ong trống vắng, gia đình không con.|Victor Hugo
Tất cả kho báu trên Trái đất không thể nào sánh bằng hạnh phúc gia đình.|Calderon
Trong gia đình cả chồng lẫn vợ đều phải biết phục thiện và thông cảm lẫn nhau. Khi người đàn ông có điều lỗi chớ tránh né trước những lời trách móc của vợ phải công nhận, người đàn bà khi có chuyện trái phải thành thật xin lỗi cùng chồng. Con người không ai toàn mỹ, chuyện vợ chồng cũng thế mà thôi. Biết phục thiện và tha thứ cho nhau thì gia đình càng ngày càng trở nên hạnh phúc, ngược lại càng ngoan cố bao nhiêu thì gia đình càng dễ dàng tan vỡ bấy nhiêu.|Gina Lombrosso
Không gia đình, con người học yêu thương, đoàn kết và hy sinh ở đâu?|E. Souvestre
Duy chỉ có ở nơi gia đình, người ta mới tìm được chốn nương thân để chống lại những tai ương của số mệnh.|Euripides
Nếu muốn tinh thần bổn phận đâm rễ trong cốt tuỷ và biến thành nguồn sống thì ta hãy nhờ gia đình.|J. Simon
Người ta gọi gia đình là một nhóm người phối hợp bởi một dòng máu và bất hoà bởi những vấn đề tiền bạc.|Rey
Dấu hiệu thứ nhất của hạnh phúc gia đình là tình yêu gia đình.|Montlosie
Ai đánh vợ thì giống như đâm vào bao bột – hạt tốt thì bay đi còn hạt tồi thì đọng lại.|Tục ngữ Pháp
Con hiếu thảo, cha mẹ vui, nhà hoà thuận, muôn việc thành.|Thái Công
Linh hồn của gia đình êm dịu và nhân nghĩa cho kẻ nào yêu mến, kính trọng nó.|O.Gréard
Hãy để người vợ khiến chồng mình vui vẻ trở về nhà, và hãy để người chồng khi mình rời nhà sẽ khiến nàng nuối tiếc.|Martin Luther
Vợ không phải là người tình mà là người bạn trăm năm. Và chúng ta phải sớm tập làm quen với ý nghĩ yêu nàng khi nàng luống tuổi và cả khi nàng sẽ là một bà già.|Bielinsky
Trị quốc thì dễ nhưng tề gia thì khó.|Danh ngôn Trung Quốc
Hôn nhân không thể là dấu chấm hết cho bản ngã, mà phải là phương tiện để khẳng định những bản ngã tốt đẹp.|Frued
Người đàn bà khóc trước khi cưới, còn người đàn ông thì khóc sau đó.|Tục ngữ Ba Lan
Trước khi kết hôn, đàn ông phải nằm thức suốt đêm để nghĩ về điều bạn nói: kết hôn xong, anh ta sẽ lăn ra ngủ khi bạn chưa nói hết câu.|Helen Rowlannd
Đối với ông bố, anh chàng mà con gái mình yêu bao giờ cũng tồi tệ nhất. Luôn luôn là thế. Từ đó phát sinh biết bao chuyện lục đục trong gia đình.|Dostoievsky
Đối với người mẹ, đứa con là tất cả. Nhưng đối với đứa con, người mẹ hay người cha là một mắt xích trong cuộc đời của nó.|Benjamin Disraeli
Con cái làm dịu ngọt sự nhọc nhằn nhưng cũng làm cho sự hoạn nạn trở nên cay đắng.|Francis Bacon
Không có tình bạn, tình yêu nào như tình cha mẹ thương con.|Henry Ward Beecher
Nhà được dựng nên để sống, không phải để ngắm.|Francis Bacon
Không yêu vợ con là nuôi trong nhà một con sư tử cái và ấp một tổ chim đau buồn.|Jeremy Taylor
Gia đình là nhà tù của thiếu nữ, là xưởng thợ của đàn bà.|Bernard Shaw
Những giờ phút sung sướng nhất của đời tôi là mấy lần ít ỏi được sống trong tổ ấm gia đình.|Joseph Jefferson
Có những người cha không yêu con; nhưng chẳng có người ông nào không yêu cháu.|Victor Hugo
Gia đình là một cái tên, một ngôn từ mạnh mẽ; mạnh hơn lời của những pháp sư hay tiếng đáp của các linh hồn; đó là lời nguyện cầu hùng mạnh nhất.|Charles Dickens
Anh thấy đấy, cuộc đời của một người mẹ là chuỗi kịch tính dài liên tiếp, lúc dịu dàng và êm ái, lúc kinh hoàng. Không ngắn ngủi một giờ nhưng đầy cả niềm vui và sợ hãi.|Balzac
Hạnh phúc của người mẹ giống như đèn hiệu, soi sáng tương lai nhưng cũng phản chiếu lên quá khứ trong vỏ ngoài của những ký ức yêu thương.|Balzac
Người mẹ thật sự chẳng bao giờ rảnh rỗi.|Balzac
Một cuộc hôn nhân tốt là giữa bà vợ mù và ông chồng điếc.|Balzac
Một người chồng tốt không bao giờ đi ngủ trước vào buổi đêm và dậy sau vào buổi sáng.|Balzac
Tình yêu của người mẹ là yên bình. Nó không cần bạn phải đạt được, nó không cần bạn phải xứng đáng.|Erich Fromm
Khi bạn là một người mẹ, bạn không bao giờ thực sự cô độc trong suy nghĩ của mình. Một người mẹ luôn phải nghĩ hai lần, một lần cho bản thân và một lần cho con cái.|Sophia Loren
Gia đình bao giờ cũng vẫn là gia đình, cho dù nó không được yên ấm lắm.|Cổ ngữ
Dù nó thật tồi tàn đi nữa, nhưng không nơi nào có thể sánh được với mái ấm gia đình.|J. H. Payne
Dù là vua chúa hay dân cày, kẻ nào tìm thấy sự an bình trong gia đình là người sung sướng nhất.|Goethe
Một trong những sự trừng phạt cho việc từ chối tham gia vào các vấn đề chính trị là quý vị sẽ đi tới một kết cục bị cai trị bởi những kẻ hạ đẳng hơn mình.|Plato
Tôi biết chắc chắn rằng chừng nào bạn còn thở thì chừng ấy cuộc sống của bạn vẫn còn hy vọng.|Nick Vujicic
Hãy tập trung vào nơi bạn muốn đến. Không phải những thứ làm bạn sợ hãi|Anthony Robbins
Ngày hôm nay, tôi sẽ an ủi và động viên những ai đang nản lòng. Một cái siết tay, một nụ cười, một lời nói của tôi có thể tiếp thêm sức mạnh để họ vững tin bước tiếp.|Khuyết danh
Ngày hôm nay, trong cách ứng xử, tôi sẽ đặt mình vào vị trí của người đối diện để lắng nghe những cảm xúc của họ, để hiểu rằng những điều làm tôi tổn thương cũng có thể làm tổn thương đến họ.|Khuyết danh
Đừng bao giờ than vãn về cách người khác đối xử với mình mà hãy xem mình đã đối xử với họ ra sao.|Khuyết danh
Bạn đối xử với người khác như thế nào, họ sẽ đối xử với bạn như vậy.|Tục ngữ Gabon
Bản chất của một người không nằm ở mặt anh ta bộc lộ với bạn mà ở chỗ anh ta không hề bộc lộ với bạn.|Gibran
Hiện thực là bờ bên này; lý tưởng là bờ bên kia, ở giữa là dòng sông cuồn cuộn chảy, hành động là chiếc cầu bắc ngang sông.|Kleiloyev
Tướng giỏi sau khi thắng trận không cần ai khen và cũng không cần ai biết đến công lao.|Tôn Tử
Để hiểu nhau, tôi thích anh hoài nghi tôi để rồi có ngày tin cho chắc chắn. Tôi không thích anh vội tin tôi để đi đến hoài nghi.|M. Gorki
Hãy tin một nửa những gì anh thấy tận mắt và đừng tin những gì anh nghe được.|D. Crai
Không ai tán thưởng một cây đang trổ hoa.|Harold Philips
Khi bạn không thể thực hiện những gì ao ước, bạn nên ao ước những gì có thể làm.|Terence
Người ta thường khen chỉ để được khen. Từ chối lời khen là muốn được khen gấp hai.|La Rochefoucould
Sự quá thân mật và sỗ sàng đều làm phai nhạt tình yêu hơn là tình bạn.|Rôchepede
Thói quen làm những gì tốt đẹp nhất trần thế trở nên tầm thường.|Bade Rvew
Nếu bạn tức giận thì hãy đếm 10 trước khi nói, còn nếu bạn nổi cơn thịnh nộ thì hãy đếm đến 100.|Jeffecson
Không một người nào đã từng cười hết mình và cười xả láng lại đồng thời là người xấu xa.|Thomas Carlyle
Điều oái oăm là, nếu bạn không muốn liều mất cái gì thì bạn còn mất nhiều hơn.|Erica Jong
Bao giờ cũng nên có nhiều trí tuệ hơn lòng tự ái.|Epiquya
Khuyên răn thay cho giận dữ, mỉm cười thay cho khinh bỉ.|Epiquya
Đôi khi phải nhượng bộ mà thừa nhận rằng củ cải là củ lê.|Ngạn ngữ Đức
Hãy nhã nhặn với mọi người lúc bạn đang đi lên, vì bạn sẽ gặp họ lúc bạn đi xuống.|Miranda
Sự khiêm nhường luôn có quan hệ với khoan hồng và sự kiêu ngạo dính dáng tới ganh tị.|Rivarol
Muốn mọi người đối xử với mình thế nào thì hãy đối xử với mọi người như thế.|Karl Marx
Phải lựa thứ quần áo thích nghi với nhân cách, đừng để nhân cách mình phải chịu mang tính cách của quần áo.|E. Weeler
Ở nhiều người, lời nói đi trước tư tưởng. Họ chỉ biết những gì họ suy nghĩ sau khi đã nghe những gì mình nói.|Gustave Lebon
Người đọc biết nhiều nhưng người quan sát còn biết nhiều hơn.|A. Dumas
Một lời xin lỗi vụng về vẫn tốt hơn im lặng.|Stephen Gosson
Lời nói khéo còn hơn cả hùng biện.|Bacon
Làm người nên tự lập lấy thân, tự trọng, không nên giẫm lên gót người khác, nói theo miệng người.|Lục Cửu Uyên
Làm chuyện gì mà có điều chưa thỏa mãn thì hãy tự xét lại thân mình xem làm như thế đã phải chưa.|Mạnh Tử
Hãy nói nếu bạn có những lời lẽ mạnh hơn, nếu không, hãy im lặng.|Euripide
Đôi tai là lối vào của trái tim.|Voltaire
Đừng bao giờ ném bùn vào người khác. Bạn có thể ném trật và tay bạn chắc chắn bị bẩn.|Joseph Parker
Đừng bao giờ bắt buộc người khác làm những gì mà họ không muốn.|Tục ngữ Anh
Đi vòng mà đến đích còn hơn đi thẳng mà ngã đau.|Tục ngữ Anh
Câu trả lời gọn nhất là hành động.|Goethe
Ai vâng lời liều, hứa liều, tất nhiên khó lòng đúng hẹn.|Lão Tử
Phép lịch sự là quy tắc chi phối các mối quan hệ, đó là nghệ thuật của lòng vị tha.|Erasme
Nghệ thuật sống với nhau chính là nghệ thuật giữ khoảng cách.|O. Wide
Một trong những ưu điểm lớn nhất của diễn giả là chẳng những nói những điều cần nói mà còn biết không nói những gì không cần thiết.|Cicero
Ngoại giao là khoa học của sự nhượng bộ.|A. Musset
Những người mạnh không dùng lời lẽ lăng mạ. Họ mỉm cười.|L. Leonop
Yêu mọi người, tin vài người và đừng xúc phạm đến ai.|Shakespeare
Không bao giờ làm phiền người khác về những việc mình có thể làm được.|Jeffecson
Không có gì nguy hiểm bằng lời khuyên tốt đi kèm với gương xấu.|De Scudery
Muốn uốn cây cong cho thẳng lại, ta uốn cong nó theo chiều ngược lại.|Montaigne
Hãy cho đi cái mà bạn có. Đối với ai đó, thì món quà ấy mang một ý nghĩa mà bạn không ngờ.|Khuyết danh
Chẳng bao giờ xảy ra chuyện ta yêu mà người con gái không hề hay biết – ta tin rằng mình đã tỏ tình một cách rõ ràng bằng một giọng nói, một ánh mắt, một cái chạm tay nhẹ nhàng.|G. Greene
Tính cách không thể được phát triển trong thảnh thơi và yên ả. Chỉ qua các kinh nghiệm gian nan và đau đớn linh hồn mới có thể được tôi luyện, tầm nhìn mới được thông suốt, tham vọng mới được truyền cảm hứng và thành công mới đạt được.|Hellen Keller
Ai mà đi quá nhanh thì trên đường phẳng cũng bị vấp.|Tục ngữ Tây Ban Nha
Phẩm cách có thể biểu hiện ra trong thời khắc quan trọng, nhưng nó lại hình thành trong thời khắc không quan trọng.|Bacon
Tòa án lương tâm không bao giờ ngơi nghỉ.|T. Fuller
Số phận không ngẫu nhiên, mà là tất nhiên, nó giấu trong tính cách của bạn.|Akutawa Ryunosuke
Tính cách quá nổi trội luôn khó dung hòa với xã hội, vì vậy chúng ta thường mang tiền lẻ đi chợ chứ không phải là vàng nén.|Sanfo
Chí khí mạnh mẽ và nhiệt tình là đôi cánh vĩ đại.|Goethe
Dễ phát cáu là nhược điểm rõ ràng nhất trong phẩm cách.|Dante
Một người kiêu ngạo luôn tiêu diệt mình trong kiêu ngạo.|Shakespeare
Muốn đo lường cá tính thực sự của một người, chỉ cần quan sát anh ta thừa nhận những việc anh ta làm khi không có người phát hiện.|Markle
Người con gái có thể ca hát khi mất đi tình yêu, nhưng người giữ của không thể hát ca khi mất đi tiền bạc.|Ruskin
Yếu đuối có 2 kiểu: một là giòn, hai là mềm. Giòn thì dễ gãy, mềm thì dễ cong.|Lowell
Nóng giận là tự đem lỗi lầm của kẻ khác để trừng phạt mình.|Khuyết danh
Một người bị gọi là tự tư tự lợi không phải là vì anh ta tìm kiếm lợi ích cho mình, mà là anh ta thường hay quên mất lợi ích của người khác.|Dickens
Phẩm cách là một sức mạnh bên trong, sự tồn tại của nó có thể trực tiếp phát huy tác dụng, mà không cần nhờ bất kì thủ đoạn nào.|Emerson
Gieo hành động, bạn sẽ gặt thói quen, gieo thói quen bạn sẽ gặt cá tính, gieo cá tính bạn sẽ gặt số phận.|Napoleon Hill
Mỗi người phải kiên trì đường đi mình đã mở ra, không bị quyền uy dọa ngã, không bị quan điểm đương thời khống chế, cũng không bị thời thượng cám dỗ.|Goethe
Cá tính của một người có thể đo lường được nhờ 3 thứ sau: công việc, rượu và nói chuyện.|Khuyết danh
Mặt trời nhìn đẹp nhất khi mọc ở phía đông và lặn ở phía tây; tính nết con người nhìn rõ nhất khi còn bé và giờ phút hấp hối.|Bohr
Người nghèo hi vọng được một thứ, người xa xỉ hi vọng được rất nhiều thứ, người tham lam hi vọng được tất cả.|Mark Twain
Im lặng là câu trả lời tốt nhất với giận dữ.|Ngạn ngữ Đức
Lấp không đầy là lòng ham muốn, phá không vỡ là thành u sầu.|George Sand
Bạn giận dữ một chút thì mất đi sáu mươi giây hạnh phúc.|Emerson
Kiêu ngạo, ganh tị và tham lam là ba đốm lửa, chúng sẽ thiêu cháy lòng người.|Dante
Lương tâm trong sáng là cái gối mềm mại nhất.|Andersen
Tính cách giống như một bài thơ ly hợp – dù đọc xuôi, đọc ngược, hay đọc chéo đều giống nhau.|Emerson
Con người, ai cũng muốn dựa vào kẻ mạnh nhưng thực sự chỉ có thể dựa vào chính mình.|Tokuda Torao
Trên đường đời, hành lí của con người cần mang theo là lòng kiên nhẫn và tính chịu đựng.|Maiacopxki
Trí tuệ của con người trưởng thành trong tĩnh lặng, còn tính cách trưởng thành trong bão táp.|W. Gơt
Người nào tô điểm thêm vẻ quan trọng cho công việc tầm thường, người đó sẽ là kẻ tầm thường trong những việc quan trọng.|M. Catông
Đức hạnh lớn nhất mà bên cạnh đó, mọi đức hạnh khác đều mờ nhạt đi, đấy là không làm hại ai và tùy sức mà giúp đỡ mọi người.|Gơ-ut-sac-di-ni
Rất ít người, và hơn nữa chỉ những người tuyệt vời nhất mới có thể nói một cách giản dị và chân thành: Tôi không biết.|D. Pi-xa-rep
Chân thành là nguồn sinh ra mọi thiên tài.|C. Becnê
Những phẩm chất tâm hồn không thể bị tổn hại vì vẻ ngoài xấu xí, trong khi vẻ đẹp tâm hồn cũng ánh cả ra bên ngoài làm vẻ đẹp bên ngoài cũng trở nên đẹp.|Seneca
Tính cách của con người được bộc lộ trung thực nhất qua những sự đối xử tình cờ nhất.|I. Rađep
Sức mạnh lớn nhất thường chỉ đơn giản là sự kiên nhẫn.|Giôxep Côtman
Nhiều người nhận được lời khuyên song chỉ có những người khôn ngoan mới sử dụng được lời khuyên đó.|Syrus
Trên đời này, không có cái thái quá nào đẹp hơn cái thái quá về sự tri ân.|La Bruyere
Căn bệnh nặng nhất của tâm hồn là sự lãnh đạm.|D. Tôkenvin
Giản dị chẳng những là điều tốt đẹp nhất, mà còn là điều tốt cao thượng nhất.|T. Fontake
Không có sự vĩ đại nào lại không có sự giản dị, lòng tốt và sự thật.|L. Tônxtôi
Sự chân thành là điều tốt đẹp nhất bạn có thể đem trao tặng một người. Sự thật, lòng tin cậy, tình bạn và tình yêu đều tùy thuộc vào điều đó cả.|Elvis Presley
Nếu muốn, bạn có thể tin rằng núi cao có thể chuyển được, nhưng đừng bao giờ tin rằng con người có thể thay đổi được cá tính.|Ngạn ngữ Iran
Chỉ có ý thức độc lập và lòng tự trọng mới nâng chúng ta lên trên những nhỏ nhen của cuộc sống và những bão táp của số phận.|A. Puxkin
Người cao thượng là người không bao giờ làm một điều gì để hạ thấp người khác.|A. Ca-sơn
Thiên tài và đức hạnh giống như viên kim cương: đẹp nhất là lồng trong chiếc khung giản dị.|X. Batle
Nếu trái tim bạn là một đóa hồng, miệng bạn sẽ thốt ra những lời ngát hương.|Ngạn ngữ Nga
Giản dị là điều khó nhất trên đời: đó là sự giới hạn tột cùng của sự từng trải và là nỗ lực cuối cùng của thiên tài.|G. Xăng
Kiêu hãnh đốt nóng lòng can đảm, kích thích tài năng, phát triển tư chất tự nhiên cho tâm hồn, biết oán ghét cái hèn hạ ti tiện và không xứng đáng với thiện cảm mà tự nơi chúng ta có.|Gômông
Mình thế nào mà không dám tỏ ra như thế là mình khinh mình.|Mat-xi-lông
Can đảm là đức hạnh số một của con người vì nó đảm bảo cho tất cả những hạnh phúc khác.|Churchill
Khoảng cách giữa đạo đức và thói xấu hẹp đến nỗi chỉ vừa đủ cho hoàn cảnh chêm vào.|J. M. Braodo
Danh dự giống như viên đá quý: chỉ một vết nhỏ cũng làm mờ ánh lấp lánh của nó và làm mất toàn bộ giá trị của nó.|A. Bôsan
Tri thức làm người ta khiêm tốn, ngu si làm người ta kiêu ngạo.|Ngạn ngữ Anh
Những tâm hồn thanh nhã không bao giờ sống chung được với những kẻ thô tục tầm thường.|An Bel Bonnard
Đừng cố giò giẫm để hình thành nhân cách, điều đó cũng giống như cố bắt nụ hồng xanh nở hoa vậy. Bạn hãy sống sao cho tốt nhất, và nhân cách của bạn tự nó sẽ hình thành.|Henry James
Sự cao cả của con người nằm trong sức mạnh tư tưởng.|Tục ngữ Anh
Hãy dạy đạo đức cho con cái bạn, chỉ có đạo đức chứ không phải vàng bạc mới làm chúng sung sướng.|Beethoven
Bản chất giản dị là kết quả tự nhiên của tư tưởng sâu sắc.|Hazlitt
Sắc đẹp là hoa còn đạo đức là quả của cuộc đời.|Ngạn ngữ Mỹ
Danh dự như que diêm, cháy một lần là hết.|M. Pagnol
Thói quen là một bản tính thứ hai.|Cicero
Cái gì hấp dẫn và đẹp đẽ chẳng phải luôn luôn là tốt, nhưng cái gì tốt thì luôn luôn đẹp.|Ninonde Lenenles
Sự yêu chuộng cái đẹp là phần cốt yếu của một nhân tính lành mạnh.|J. Ruskin
Khiêm tốn bao nhiêu cũng chưa đủ, tự kiêu một chút cũng là nhiều.|Karl Marx
Khiêm tốn thật sự không có nghĩa là không biết đến những giá trị của mình mà chính là biết nhận những chân giá trị ấy.|J. C. Hare
Đức trong sạch là sự huy hoàng của con người nội tâm. Nó là sức mạnh tột đỉnh khóa chặt tâm hồn trước những điều thấp hèn và mở rộng tâm hồn trước những điều cao quý.|Jean De Rusbrock
Người có một tinh thần sâu sắc cần phải tự đào tạo một cái học để khám phá những tế nhị của lòng người.|Vauvenargues
Mỗi người đều có 3 tính cách:tính cách phô ra, tính cách họ có và tính cách họ nghĩ rằng họ có.|Khuyết danh
Can đảm gia tăng khi người ta dám liều và nỗi sợ sệt cũng gia tăng khi người ta do dự. Trong tình thế nguy cấp, sự liều lĩnh thay thế cho sự khôn ngoan.|P. Syrus
Nếu sự khiêm nhường của bạn khiến mọi người để ý thì hẳn có chút đó chẳng bình thường.|M. Ghenin
Dễ dãi là phương châm của thể xác và là tro nguội của tâm hồn.|Ngạn ngữ Đức
Dũng cảm: Đó là trách nhiệm được ý thức đến cùng.|Paplenko
Những người vĩ đại thật sự bao giờ cũng giản dị: cách cư xử của họ tự nhiên và thoải mái.|F. Clinghe
Mục đích của cuộc sống này không phải là đi tìm một người bạn đời hoàn hảo, toàn diện hoàn mỹ. Không chỉ đơn giản là để duy trì nòi giống. Cũng không phải để đạt được danh vọng hay tiền tài... Mục đích của cuộc sống này là để tìm thấy trong chính con người bạn một nơi mà bạn cảm thấy luôn yên bình và lạc quan cho dù ngoài kia cuộc đời có quăng bất cứ thứ gì cản lối bạn đi chăng nữa|Amanda Ford
Hãy cẩn thận khi đọc sách về sức khỏe. Bạn có thể bỏ mạng vì một lỗi in ấn.|Mark Twain
Hạnh phúc không có gì hơn là có một sức khỏe tốt và một trí nhớ kém.|Albert Schweitzer
Sức khỏe tốt và trí tuệ minh mẫn là hai điều hạnh phúc nhất của cuộc đời.|Publilius Syrus
Bỏ hút thuốc là điều dễ làm nhất trên thế giới. Tôi biết thế vì tôi đã làm điều đó hàng nghìn lần rồi.|Mark Twain
Chỉ khi người giàu ốm họ mới thực hiểu sự bất lực của giàu sang.|Benjamin Franklin
Người ta không coi trọng sức khỏe cho tới khi đau yếu.|Thomas Fuller
Người có sức khỏe, có hy vọng; và người có hy vọng, có tất cả mọi thứ.|Thomas Carlyle
Chính sức khỏe mới là sự giàu có thực sự, không phải vàng và bạc.|Mahatma Gandhi
Tài sản đầu tiên là sức khỏe.|Ralph Waldo Emerson
Cơ thể yếu đuối khiến tinh thần trở nên yếu ớt.|Jean Jacques Rousseau
Phòng bệnh hơn chữa bệnh.|Publilius Syrus
Nếu chúng ta phá sức khỏe để có được kiến thức, chúng ta đã vất vả vì một thứ rồi sẽ vô dụng trong tay ta.|Khuyết danh
Để có sức khỏe tốt: hãy ăn nhẹ, thở sâu, sống có chừng mực, nuôi dưỡng niềm vui và gìn giữ những mối quan tâm trong cuộc sống.|William Londen
Chỉ vì bạn không ốm không có nghĩa là bạn khỏe mạnh.|Khuyết danh
Bạn không thể hàn gắn thế giới nếu không tự hàn gắn được cho chính mình.|Katrina Mayer
Để hưởng thụ vầng hào quang của sức khỏe tốt, bạn phải luyện tập.|Gene Tunney
Sức khỏe không phải là thứ chúng ta có thể mua. Tuy nhiên, nó có thể là một tài khoản tiết kiệm cực kỳ giá trị.|Anne Wilson Schaef
Chăm sóc sức khỏe ngày hôm nay cho tôi hy vọng tươi sáng hơn vào ngày mai.|Anne Wilson Schaef
Chúng ta bảo tình yêu là sự sống; nhưng tình yêu không có hy vọng và niềm tin là cái chết đau đớn.|Elbert Hubbard
Sinh vật nào sống cũng tốt hơn là chết, con người và nai sừng và cây thông, và người hiểu đúng điều này sẽ thà giữ gìn sự sống hơn là phá hủy nó.|Henry David Thoreau
Chết chẳng là gì. Không sống mới đáng sợ.|Victor Hugo
Không ai muốn chết. Thậm chí cả những người muốn tới thiên đường cũng không muốn phải chết để lên được đó. Và cái chết là điểm đến của tất cả chúng ta, không ai có thể trốn thoát. Và nên như vậy, bởi Cái chết có lẽ là phát minh tốt nhất của Sự sống. Nó là tác nhân thay đổi của cuộc sống. Nó xóa cái cũ để mở đường cho cái mới. Ngay bây giờ là bạn, nhưng một ngày không xa hôm nay, bạn dần dần sẽ trở nên già và bị xóa đi. Tôi xin lỗi nếu điều đó nghe có vẻ cường điệu, nhưng đó hoàn toàn là sự thật.|Steve Jobs
Nếu bạn đau khổ, cảm ơn trời! Đó là dấu hiệu chắc chắn cho thấy bạn đang sống.|Elbert Hubbard
Ý nghĩa tối thượng mà tất các các câu chuyện gợi tới có hai mặt: sự tiếp diễn của cuộc sống và sự không thể cưỡng lại của cái chết.|Italo Calvino
Chỉ những người không sợ chết là đáng sống.|Douglas MacArthur
Có con thực sự thay đổi cách nhìn của bạn về những vấn đề này. Chúng ta sinh ra, chúng ta sống trong nháy mắt, và chúng ta chết. Mọi việc đã diễn ra như vậy từ rất lâu rồi. Công nghệ không thay đổi điều đó nhiều - nếu không phải là hoàn toàn không thay đổi.|Steve Jobs
Cuộc đời chỉ có một ý nghĩa: đó chính là sống.|Erich Fromm
Thượng đế cho chúng ta món quà cuộc sống; chính chúng ta phải cho mình món quà là sống nó.|Voltaire
Thà làm ăn mày sống còn hơn làm hoàng đế chết.|La Fontaine
Ai cũng có quyền mạo hiểm sinh mạng của mình để giữ gìn nó. Đã bao giờ có ai nói rằng người nhảy ra ngoài cửa sổ để trốn hỏa hoạn mắc tội tự tử chưa?|Jean Jacques Rousseau
Phải chết cay đắng tới sầu thảm, nhưng nghĩ tới việc phải chết mà chưa kịp sống thì không thể chịu nổi.|Erich Fromm
Cái chết chẳng qua cũng là một sự đùa cợt sau cùng của sự sống.|Trịnh Công Sơn
Chết là sự tan biến của thể xác. Nhưng sống không chỉ là sự tồn tại của thân xác. Nhiều người còn sống mà tưởng chừng như đã chết. Nhiều người chết mà vẫn còn sống trong trí nhớ mọi người.|Trịnh Công Sơn
Cần phải lựa chọn một cách nghiêm ngặt xem nên học gì và không nên học gì.|L. Tônxtôi
Ai than thở không bao giờ có thời gian, người ấy làm được ít việc nhất.|G. Lichtenberg
Ai thẳng thắn với bản thân và với những người khác thì bao giờ cũng là những người có phẩm chất hết sức quý báu của những tài năng cực kỳ vĩ đại.|W. Goethe
Ấp ủ những ước vọng và giấc mơ, vì chúng là con đẻ của tâm hồn - là kế hoạch của những thành công có tính quyết định.|Napoleon Hill
Ba cái nền tảng của học vấn là: nhận xét nhiều, từng trải nhiều và học tập nhiều.|Catherall
Bậc thang không bao giờ dành để nghỉ ngơi mà là để giữ cho bước chân của một người đủ dài để anh ta có thể đạt đến nơi khác cao hơn.|Thomas Henry Huxley
Bạn có được sức mạnh, lòng can đảm và sự tự tin từ bất kỳ trải nghiệm nào khiến bạn chựng lại và sợ hãi. Bạn có thể tự nhủ rằng: Tôi đã vượt qua. Giờ đây, tôi sẵn sàng đón nhận những điều kế tiếp.|Eleanor Roosevelt
Bạn hãy làm việc đi! Nếu đang đêm tỉnh giấc và chợt nghĩ ra có việc cần phải làm mà ta chưa làm được thì bạn hãy vùng dậy mà làm.|Đê-xtôi-epxki
Bạn không thể hiểu mình qua những điều mà người khác mong muốn ở bạn, mà chỉ có thể bằng cách tự hỏi bạn trông đợi gì ở bản thân mình, bằng cách tự khám phá theo khả năng của bạn.|Jane Roberts
Bạn sẽ tìm thấy giá trị đích thực của cuộc sống khi sống hết mình và biết tận hưởng những niềm vui|Khuyết danh
Bí quyết của sự thành công - nếu có - đó là khả năng tự đặt mình vào địa vị người khác và xem xét sự vật vừa theo quan điểm của họ vừa theo quan điểm của mình.|Henry Ford
Bí quyết lớn nhất của thành công là thành thật. Không thành thật, không có phương pháp nào đắc dụng với bạn hết.|E. Wheeler
Biết lo toan chu đáo công việc nhỏ mọn với tầm mắt xa rộng, đó là bí quyết để mưu đồ đại sự.|Lã Đông Lai
Cần lạc quan khi khởi đầu công việc và đầy hoài nghi khi kết thúc công việc.|Giecxen
Chỉ có những người nhẫn nại làm những việc dễ mới biết nghệ thuật làm dễ dàng những việc khó.|Silơ
Chỉ có những khát vọng và những khát vọng lớn lao mới có thể nâng tâm hồn lên tầm vĩ đại.|Điđơrô
Chỉ có những người bỏ lỡ cơ hội chứ không có những người không có cơ hội.|La Beaumelle
Chỉ có thành công duy nhất - đó là có khả năng sống cuộc sống của mình theo cách mình muốn.|Khuyết danh
Chúng ta thường là kẻ thù tồi tệ nhất của chính mình khi chúng ta điên rồ tự tạo ra những chướng ngại trên bước đường dẫn đến sự thành công và hạnh phúc của mình.|Louis Binstock
Có hai điều mà tôi học được: Sự mạnh mẽ và tràn trề sinh lực của bạn là do chính bạn tạo ra. Và nỗ lực để đặt bước chân đầu tiên là phần khó khăn nhất.|Robyn Davidson
Cùng một chiếc cầu thang nhưng có số phận khác nhau. Chúng phụ thuộc vào điểm: chúng ta leo lên bằng khoái cảm hay bằng nghĩa vụ.|M. Côvanxki
Cuộc sống như một cuốn sách. Kẻ điên rồ giở qua nhanh chóng. Người khôn ngoan vừa đọc vừa suy nghĩ vì biết rằng mình chỉ được đọc có một lần.|Jean Paul
Điều khôn ngoan nhất là phải luôn ghi nhớ rằng không thành công hay thất bại nào là cuối cùng.|Khuyết danh
Đừng để ai phiền trách bạn. Trong một việc nếu bạn không thành công thì hãy cho là lỗi tại bạn. Đừng đổ lỗi cho ai.|Earvid Johnso
Đừng đánh mất gì của quá khứ, vì với quá khứ người ta xây dựng tương lai.|Anatole France
Điều vĩ đại nào được thực hiện mà không có những con người vĩ đại. Và họ chỉ vĩ đại nếu họ quyết tâm trở thành người vĩ đại.|Charles De Gaulie
Bạn không thể tạo danh tiếng trên những điều bạn sẽ làm. Thật đơn giản, hãy tưởng tượng, tường thuật rồi bước ra ngoài đi vào thế giới và thực hiện điều đó.|Henry Ford
Một người lạc quan thức đến nửa đêm để đón giao thừa. Người bi quan thức để chắc chắn rằng năm cũ đã qua.|Bill Vaughn
Chúng ta sẽ mở cuốn sách với các trang trắng tinh. Chính chúng ta sẽ viết lên đó. Quyển sách có tên là Cơ Hội và chương đầu tiên là Ngày Đầu Năm.|Edith Lovejoy Pierce
Dẫu mùa đông dài bao lâu, mùa xuân chắc chắn tiếp nối.|Thành ngữ
Anh hãy chọn lấy một mục đích, nó có thể là mục đích duy nhất của đời anh.|Banis Diderot
Sự thành công cho ta thấy một mặt của cuộc đời. Thất bại cho ta thấy nốt mặt kia của nó|T. Catôn
Hãy ở vị trí mà bạn có thể chịu đựng được. Đừng trèo lên chỗ mà bạn chỉ có ra khỏi đó bằng cách ngã. Đừng bao giờ bắt đầu bằng bài hát bằng giọng mà sau đó không thể cất cao lên được nữa.|A. Balabanôp
Dù có điều gì xảy ra thì kiên trì và ý chí sẽ giúp chúng ta vượt qua tất cả.|P. Vietghilơ
Đường đi khó không phải vì ngăn sông cách núi . Mà khó vì lòng người ngại núi e sông.|Nguyễn Bá Học
Con đường hay nhất để thoát khỏi gian khó là đi xuyên qua nó.|Khuyết danh
Bí quyết thành công trên đời là làm một việc thật chu đáo và những việc khác chỉ vừa đủ thôi.|Khuyết danh
Để thành công trên đường đời, 2 yếu tố cần thiết bạn phải học đó là phải biết phớt lờ cái gì và đặt niềm tin nơi đâu.|Clément
Làm việc đừng quá trông đợi vào kết quả, nhưng hãy mong cho mình làm được hết sức mình.|Anita Hill
Danh vọng chỉ là hơi thở của con người, và nó thường độc hại|Jean Jacques Rousseau
Ý chí là sức mạnh để bắt đầu công việc một cách đúng lúc.|Khuyết danh
Để thành công trong cuộc đời, hai yếu tố bạn cần thiết bạn phải học là bỏ cái gì và đặt niềm tin ở nơi đâu.|S. L. Clemant
Đơn giản là điều khó nhất trong cuộc đời. Đó chính là tiếng nói cuối cùng của kinh nghiệm và tài hoa.|G. Sand
Chúng ta đừng phí cuộc đời trong việc đi tìm phương tiện. Kế hoạch ít mà hành động nhiều thì tốt hơn.|William Channing
Chúng ta có bốn mươi triệu lý do về sự thất bại nhưng không có một lời bào chữa nào.|C. Xanbot
Đừng hoãn lại một việc gì về sau, bởi vì về sau bạn cũng không gặp dễ dàng hơn.|Jean Paul
Bí quyết thành công của tôi là tự chọn những công việc mà mình yêu thích và dám xả thân vì nó. Công việc đó sẽ giúp bạn vươn tới những đẳng cấp thế giới để thành đạt trong cuộc đời.|Bill Gates
Cảnh khổ, sự thất bại là một nấc thang cho bậc anh tài, một kho tàng cho người thông minh và là một vực thẳm cho kẻ yếu hèn.|H. Baizac
Không có bí mật nào tạo nên thành công. Đó chỉ là kết quả của sự chuẩn bị, làm việc hết sức mình và rút ra kinh nghiệm từ sự thất bại.|Colin Powell
Bạn có thể thất vọng nếu thất bại, nhưng bạn sẽ sụp đổ đến tận cùng nếu từ bỏ ước mơ.|Miguel de Unamuno
Một trong những thảm kịch lớn nhất của nhân loại là: họ thất bại và hoang phí cuộc đời mình trong sầu khổ, sau khi vui hưởng thành công, và không còn ý chí để có thể đứng lên một lần nữa.|Frederick Van Rensselaer Dey
Không tự tin là nguyên nhân gây ra tất cả thất bại.|Bouvi
Điều kiện quan trọng nhất để thành công là yêu công việc của mình, như vậy tuy làm hàng giờ mà vẫn có cảm tưởng mình chỉ giải trí.|David M. Goodrich
Với phân tích cuối cùng, tình yêu là cuộc sống. Tình yêu không bao giờ thất bại và cuộc sống không bao giờ thất bại chừng nào còn có tình yêu.|Henry Drummond
Thành công không phải là cuối cùng, thất bại không phải là chết người: lòng can đảm đi tiếp mới quan trọng.|Winston Churchill
Chúng ta không thể đảm bảo thành công, nhưng chúng ta có thể xứng đáng với thành công.|John Adams
Tôi nghĩ nếu bạn làm điều gì đó và thu được kết quả tốt đẹp, bạn nên đi tiếp để làm những điều tuyệt vời khác, đừng dừng chân lại quá lâu. Hãy tìm xem nên làm gì tiếp.|Steve Jobs
Tôi chưa thất bại. Tôi chỉ là đã tìm ra 10,000 cách không hoạt động.|Thomas Edison
Để thành công trong cuộc sống, bạn cần hai thứ: sự ngu dốt và lòng tự tin.|Mark Twain
Chìa khóa thành công là tập trung lý trí của chúng ta vào những điều chúng ta muốn chứ không phải những điều chúng ta sợ.|Brian Tracy
Những người thành công luôn luôn tìm kiếm cơ hội để giúp đỡ người khác. Những người không thành công luôn luôn hỏi, "Tôi được lợi gì?"|Brian Tracy
Để thành công, thái độ cũng quan trọng ngang bằng khả năng.|Walter Scott
Tôi được ban cho sự nhận thức về định mệnh của chính mình. Tôi chưa bao giờ tự hạ thấp bản thân. Tôi chưa bao giờ đánh giá mình theo tiêu chuẩn của người khác. Tôi luôn trông đợi nhiều ở chính mình, và nếu tôi thất bại, tôi thất bại chính mình.|Sophia Loren
Để thành công trong thế giới này, chỉ ngu xuẩn là không đủ, anh cũng phải biết xử thế.|Voltaire
Con đường dẫn đến thành công luôn luôn đang được xây dựng.|Khuyết danh
Để thành công, hãy chớp lấy cơ hội cũng nhanh như khi vội vã kết luận.|Benjamin Franklin
Sự thành công thường đến với những ai không quá bận rộn đi tìm nó.|Henry David Thoreau
Con người sinh ra để thành công, không phải để thất bại.|Henry David Thoreau
Người ta hiếm khi thành công nếu không làm điều mình thấy vui thích.|Dale Carnegie
Tôi tìm thấy lạc thú lớn nhất, và cũng như phần thưởng, nằm trong công việc vượt qua điều mà thế giới gọi là thành công.|Thomas Edison
Đừng phấn đấu để thành công mà hãy phấn đấu để mình có ích.|Albert Einstein
Nên coi mọi thứ càng đơn giản càng tốt, nhưng đừng đơn giản hơn nữa.|Albert Einstein
Những ước mơ lớn có thể tạo ra nỗi sợ hãi bị thất bại. Không có ước mơ đảm bảo thất bại xảy ra.|K Calbp
Nếu muốn đi đến thành công, bạn đừng sợ thất bại và đừng tuyệt vọng khi gặp phải điều đó. Quan trọng là sau mỗi lần thất bại, bạn biết cách đứng lên và rẽ qua một con đường khác để đi đến thành công.|Bernard Edmonds
Cái ác trên thế gian hầu như thường đến từ sự ngu muội, và ý tốt cũng có thể gây hại nhiều như ác ý nếu nó thiếu đi sự thấu hiểu.|Albert Camus
Đôi khi ngọn lửa của ta phụt tắt và được một người khác châm ngòi lại. Mỗi chúng ta có lý do để cảm tạ những người bạn đã đốt lại ngọn lửa dùm ta.|Albert Schweitzer
Lương thiện là đồng tiền duy nhất có thể đi khắp thế giới.|Ngạn ngữ Pháp
Con người ai cũng mơ, nhưng mức độ khác nhau. Những người mơ vào ban đêm trong nơi thầm kín bụi bặm của tâm tưởng thức dậy vào ban ngày và thấy tất cả chỉ là hư ảo, nhưng những người mơ vào ban ngày rất nguy hiểm, vì họ có thể hành động từ trong giấc mơ với cặp mắt rộng mở, để biến nó thành hiện thực.|Thomas Edward Lawrence
Cuộc sống làm bạn buồn chán ư? Hãy lao vào công việc bạn tin tưởng bằng tất cả trái tim, sống vì nó, chết vì nó, và bạn sẽ tìm thấy thứ hạnh phúc tưởng chừng như không bao giờ đạt được.|Dale Carnegie
Thành công là đạt được thứ bạn muốn. Hạnh phúc là muốn thứ bạn đạt được.|Dale Carnegie
Không có giá trị nào trong cuộc sống trừ những gì bạn chọn đặt lên nó, và không có hạnh phúc ở bất cứ đâu trừ điều bạn mang đến cho bản thân mình.|Henry David Thoreau
Hạnh phúc lớn nhất ở đời là có thể tin chắc rằng ta được yêu thương - yêu vì chính bản thân ta, hay đúng hơn, yêu bất kể bản thân ta.|Victor Hugo
Hạnh phúc trong hôn nhân hoàn toàn là vấn đề may rủi.|Jane Austen
Một nửa thế giới không thể hiểu hạnh phúc của người khác.|Jane Austen
Hạnh phúc là khi điều bạn nghĩ, điều bạn nói và điều bạn làm hài hòa với nhau.|Mahatma Gandhi
Không ai hạnh phúc nếu không nghĩ mình hạnh phúc.|Publilius Syrus
Không phải mức độ giàu có tạo nên hạnh phúc mà đó là sự gần gũi của trái tim với trái tim và cách chúng ta nhìn thế giới. Cả hai thái độ này đều nằm trong tầm tay ta... một người hạnh phúc chừng nào anh ta còn chọn để mình hạnh phúc, và không ai ngăn cản anh ta được.|Aleksandr Solzhenitsyn
Hạnh phúc không có nghĩa là mọi việc đều hoàn hảo. Nó có nghĩa là bạn đã quyết định nhìn xa hơn những khiếm khuyết.|Khuyết danh
Thực sự thì tôi cho rằng không gì thực hơn hạnh phúc và không gì hạnh phúc và ngọt ngào hơn sự thật.|Gottfried Wilhelm Leibniz
Thôi thúc muốn có những chuyến đi là một trong những dấu hiệu đầy hi vọng của sự sống.|Agnes Repplier
Tất cả cuộc sống đều là thử nghiệm. Bạn càng thử nghiệm nhiều càng tốt.|Ralph Waldo Emerson
Người không chinh phục nỗi sợ hãi hàng ngày vẫn chưa học được bí mật của cuộc sống.|Ralph Waldo Emerson
Quan trọng không phải là sống lâu như thế nào, mà là sống sâu như thế nào.|Ralph Waldo Emerson
Một cuộc sống trong nhung lụa làm cả những tâm hồn mạnh mẽ nhất cũng trở nên phù phiếm.|Edward Bulwer Lytton
Chỉ có một khát khao, khát khao hạnh phúc.|Denis Diderot
Hạnh phúc: tài khoản ngân hàng tốt, người đầu bếp tốt và khả năng tiêu hóa tốt.|Jean Jacques Rousseau
Cứ mỗi ngày tôi lại càng tin rằng sự lãng phí cuộc đời nằm trong những tình cảm chúng ta không cho đi, sức mạnh chúng ta không sử dụng, sự thận trọng ích kỷ không dám mạo hiểm điều gì và lẩn tránh nỗi đau, cũng đồng thời để lỡ hạnh phúc.|Khuyết danh
Hạnh phúc không phải đích đến; nó là phụ phẩm.|Eleanor Roosevelt
Vì bạn nhận được nhiều niềm vui hơn khi đem niềm vui cho người khác, bạn nên suy nghĩ nhiều về niềm hạnh phúc bạn có thể cho.|Eleanor Roosevelt
Tôi mong ước tình bạn có chân, cũng như có mắt và có tài hùng biện. Nó phải tự đứng được trên mặt đất trước khi bước tới cung trăng.|Ralph Wando Emerson
Những người thật sự yêu nhau không viết ra niềm hạnh phúc của mình.|Anatole France
Điều chúng ta gọi là hạnh phúc là điều chúng ta không biết.|Anatole France
Đôi lúc cũng cần thiết dừng chân trong cuộc hành trình theo đuổi hạnh phúc, và chỉ đơn giản là cảm thấy hạnh phúc.|Guillaume Apollinaire
Hạnh phúc là người thầy hà khắc, đặc biệt là hạnh phúc của người khác.|Aldous Huxley
Chỉ có một thứ hạnh phúc trên đời, yêu và được yêu.|George Sand
Cuộc sống đồng điệu giữa những người yêu nhau là hạnh phúc lý tưởng.|George Sand
Hạnh phúc của một người là kết quả nỗ lực của chính anh ta, một khi anh ta đã biết nguyên liệu cần thiết của hạnh phúc chỉ là một ít can đảm, sự tự chối bỏ ở mức độ nhất định, tình yêu công việc, và trên hết, một lương tâm trong sạch.|George Sand
Chính là một dạng màu mè học đòi về tinh thần khiến người ta nghĩ rằng mình có thể thiếu tiền mà hạnh phúc.|Albert Camus
Hạnh phúc và sự phi lý là hai đứa con của cùng một mẹ đất. Chúng không thể tách rời.|Albert Camus
Sự tồn tại là cuộc mặc cả lạ lùng. Đời nợ chúng ta thì ít mà chúng ta thì nợ đời tất cả. Hạnh phúc thực sự duy nhất đến từ việc cống hiến hết bản thân vì một mục tiêu nào đó.|William Cowper
Đạo đức không gì hơn là lòng tôn kính cuộc sống.|Albert Schweitzer
Bằng việc kính trọng cuộc sống, chúng ta trở nên mộ đạo một cách cơ bản, sâu sắc và sống động.|Albert Schweitzer
Khi một người không cho rằng sự tồn tại của mình là hiển nhiên mà thấy nó là điều bí ẩn vô cùng, tư tưởng bắt đầu.|Albert Schweitzer
Nếu một người đánh mất niềm tôn kính vào bất cứ phần nào của cuộc sống, anh ta sẽ đánh mất niềm tôn kính với toàn bộ cuộc sống.|Albert Schweitzer
Như sóng không thể chỉ tồn tại đơn độc mà luôn là một phần của mặt biển nhấp nhô, tôi không bao giờ được bó hẹp cuộc đời tôi trong phạm vi của riêng mình mà luôn phải sống với những trải nghiệm đang diễn ra xung quanh.|Albert Schweitzer
Tôi sẽ cho anh định nghĩa về đạo đức: Luôn tốt khi duy trì và nuôi dưỡng cuộc sống, luôn xấu khi gây thương tổn và phá hủy cuộc sống.|Albert Schweitzer
Bi kịch cuộc đời là những gì chết đi bên trong một người khi anh ta còn sống.|Albert Schweitzer
Nếu tất cả bạn bè tôi định nhảy xuống cầu, tôi sẽ không nhảy theo họ; tôi sẽ ở chân cầu để đỡ họ.|Khuyết danh
Tình yêu chiến thắng tất cả, song con người không thể chỉ sống bằng tình yêu.|Lêbông
Cuộc sống của người ta thay đổi. Để giữ tất cả bạn cũ của mình cũng giống như giữ lại tất cả quần áo cũ – chẳng mấy chốc tủ quần áo sẽ chật cứng và mọi thứ sẽ bị nhàu nát đến nỗi bạn khó tìm thấy đồ để mặc. Hãy giúp đỡ những người bạn này khi họ cần ta, quý những khoảnh khắc hạnh phúc khi mình và bạn có ý nghĩa rất nhiều với nhau, nhưng cố gắng đừng cảm thấy mình có lỗi nếu bây giờ những người bạn mới có ý nghĩa nhiều hơn đối với mình.|Khuyết danh
Cuộc sống một phần là những gì chúng ta làm nên, và một phần được làm nên bởi những người bạn ta chọn làm bạn.|Jehyi Hsieh
Thành công không phải là chìa khóa mở cánh cửa hạnh phúc. Hạnh phúc là chìa khóa dẫn tới cánh cửa thành công. Nếu bạn yêu điều bạn đang làm, bạn sẽ thành công.|Albert Schweitzer
Nhưng hạnh phúc còn là gì ngoài sự hài hòa giản đơn giữa một người và cuộc sống của anh ta?|Albert Camus
Bạn được tha thứ cho hạnh phúc và thành công của mình chỉ khi bạn sẵn sàng hào phóng chia sẻ chúng.|Albert Camus
Chinh phục bất cứ một sự khó khăn nào luôn đem lại cho người ta một niềm vui sướng thầm lặng, bởi điều đó cũng có nghĩa là đẩy lùi một đường ranh giới và tăng thêm tự do của bản thân.|Henri Frederic Amiel
Bạn sẽ không bao giờ hạnh phúc nếu bạn tiếp tục tìm kiếm thành phần của hạnh phúc. Bạn sẽ không bao giờ sống nếu bạn vẫn tìm kiếm ý nghĩa của cuộc đời.|Albert Camus
Cơ bản là có hai loại người. Người làm nên chuyện và người tuyên bố mình làm nên chuyện. Nhóm đầu tiên ít đông hơn.|Mark Twain
Hãy kiên quyết đừng để mình trở nên nghèo túng: hãy sử dụng ít hơn bạn có. Sự nghèo túng là kẻ thù lớn đối với hạnh phúc của con người; nó phá hủy tự do, và nó khiến một vài đức hạnh trở thành không thực tế, và số còn lại cực kỳ khó khăn.|Samuel Johnson
Chỉ có quốc gia thu hút những cái đầu vĩ đại hoặc coi trọng giáo dục mới có thể trở nên giàu có.|Enrics
Người ta thường nói gộp chung khoa học và kiến thức. Đây là một ý kiến sai lệch. Khoa học không chỉ là kiến thức mà còn là ý thức, cũng chính là bản lĩnh vận dụng kiến thức.|Kleiloyev
Học vấn do người siêng năng đạt được, tài sản do người tinh tế sở hữu, quyền lợi do người dũng cảm nắm giữ, thiên đường do người lương thiện xây dựng.|Franklin
Chúng ta không thể dạy bảo cho ai bất cứ điều gì, chúng ta chỉ có thể giúp họ phát hiện ra những gì còn tiềm ẩn trong họ.|Galileo
Trường học có thể hô biến những người thắng và người bại, nhưng cuộc sống thì không.|Bill Gates
Nhiệm vụ của một trường đại học tiến bộ không phải là cung cấp những câu trả lời thích hợp, mà chính phải là đặt ra các câu hỏi thích hợp.|Cynthia Ozick
Nhà trường chỉ cho chúng ta chiếc chìa khóa tri thức, học trong cuộc sống là công việc cả đời.|Bill Gates
Giáo dục là vũ khí mạnh nhất mà người ta có thể sử dụng để thay đổi cả thế giới.|Nelson Mandela
Pháp luật không sinh ra những nhân vật vĩ đại, chỉ có tự do mới có thể tạo nên vĩ nhân và anh hùng.|Cicero
Thế gian có những việc, hứng thú khi theo đuổi luôn vui hơn khi hưởng thụ.|Shakespeare
Người nào yêu thực sự người đó không ghen. Thực chất của tình yêu là lòng tự tin. Tước bỏ lòng tin trong tình yêu tức là tước bỏ nền tảng tạo nên sức mạnh và độ bền vững của tình yêu…tước bỏ tính chất cao đẹp của tình yêu.|A. Stan
Người cô đơn chỉ là cái bóng của một con người. Người không được yêu thì dù ở giữa mọi người vẫn thấy cô đơn.|G. Gian
Tình yêu chính là lòng tốt, là ánh sáng nột tâm soi rọi con người và ban cho con người nguồn ấm áp vô tận.|E. Tenlơman
Hạnh phúc lớn nhất ở đời là có thể tin chắc rằng ta được yêu thương - yêu vì chính bản thân ta, hay đúng hơn, yêu bất kể bản thân ta.|Victor Hugo
Tình bạn giống như được no bụng với món thịt bò quay; tình yêu giống như được rượu sâm panh làm phấn chấn.|Samuel Johnson
Tình yêu là ước vọng của con người đã làm tươi đẹp thảo nguyên thế giới của chúng ta.|A. Hinlơ
Tình yêu nào muốn chỉ là tình yêu tinh thần thì sẽ trở nên mờ nhạt. Còn tình yêu nào không có cơ sở tinh thần thì chỉ là điều tầm thường.|H. Senkiêvich
Bạn sẽ giỏi hơn khi giao thiệp với những người giỏi hơn bạn.|Warren Buffett
Quá nhiều người đang dùng số tiền mình kiếm được để mua những thứ họ không thích và gây ấn tượng với những người họ chẳng ưa.|Will Rogers
Một người thông minh nên đặt tiền ở trong đầu, chứ không phải trong tim.|Jonathan Swift
Hãy coi mỗi ngày là một tài khoản ngân hàng, và thời gian chính là tiền tệ. Chẳng ai giàu và cũng chẳng ai nghèo. Tất cả chúng ta đều có 24 giờ.|Christopher Rice
Cách bạn đối phó với thất bại sẽ quyết định cách bạn gặt hái thành công.|David Feherty
Tiết kiệm là đức tính bao gồm toàn bộ các ưu điểm khác.|Cicero
Kiến thức là khoản đầu tư sinh lời lớn nhất.|Benjamin Franklin
Tôi sẽ nói cho anh bí mật làm giàu tại Wall Street. Hãy tham lam khi người khác sợ hãi. Và hãy sợ hãi khi người khác tham lam.|Warren Buffett
Thu nhập hàng năm là 20 bảng, chi phí là 19, bạn sẽ cảm thấy hạnh phúc. Còn nếu thu nhập hàng năm 20 bảng, chi phí là 20,6 bảng, bạn sẽ thấy đau khổ.|Charles Dickens
Khi chúng ta làm điều mình thực sự yêu thích, tiền bạc sẽ tự tìm đến, các cánh cửa sẽ mở ra. Chúng ta cảm thấy mình hữu ích và công việc như một trò chơi vậy.|Julia Cameron
Tôi không bao giờ cố kiếm tiền trên thị trường chứng khoán. Tôi mua cổ phiếu với giả thiết họ có thể đóng cửa thị trường vào ngày hôm sau và 10 năm nữa mới mở lại.|Warren Buffett
Đừng bao giờ tiêu tiền trước khi bạn có chúng.|Thomas Jefferson
Rất nhiều người không quan tâm đến tiền của mình cho đến khi gần khánh kiệt. Họ cũng làm như vậy với thời gian.|Johann Wolfgang von Goethe
Giáo dục trong nhà trường sẽ giúp bạn kiếm sống, còn tự học sẽ mang đến cho bạn cả gia tài.|Jim Rohn
Tiền bạc chỉ là một công cụ. Nó sẽ đưa bạn đi khắp mọi nơi bạn muốn, nhưng bạn phải là người lái xe.|Ayn Rand
An toàn tài chính không phải là có đủ tiền mua đồ. Mà là học cách sống với ít tiền hơn số bạn kiếm được. Vì thế, bạn có thể giúp đỡ người khác hoặc đi đầu tư. Bạn không phải là người chiến thắng cho đến khi làm được điều đó.|Dave Ramsey
Người nghèo không phải là người có ít, mà là người mong muốn ít.|Seneca
Ông chủ không phải là người trả lương cho bạn. Họ chỉ giữ tiền hộ bạn thôi. Khách hàng mới là người trả lương thực sự.|Henry Ford
Người giàu có TV nhỏ và thư viện lớn, còn người nghèo thì ngược lại.|Zig Ziglar
Mất tiền là mất lớn, mất bạn bè là mất lớn hơn, còn mất niềm tin là mất tất cả.|Eleanor Roosevelt
Hạnh phúc không đơn thuần là có tiền, mà là niềm vui vì đã nỗ lực và có thành quả.|Franklin D. Roosevelt
Con người sẽ không bao giờ bị cản trở khi nhẵn túi. Họ chỉ bị kéo tụt khi có cái đầu và trái tim rỗng tuếch.|Norman Vincent Peale
Có tiền và những thứ mua được bằng tiền là điều tốt. Nhưng cũng đừng quên thỉnh thoảng kiểm tra liệu bạn có để mất thứ gì không mua được bằng tiền hay không.|George Lorimer
Bạn chỉ có thể hoàn thành những việc mình thật sự yêu thích. Đừng lấy tiền làm mục tiêu. Thay vào đó, hãy theo đuổi những thứ mình đam mê, và làm thật tốt để người khác không thể rời mắt khỏi bạn.|Maya Angelou
Hãy mua khi mọi người đang bán và giữ lại khi người ta đang mua. Đây chẳng phải khẩu hiệu bóng bẩy gì, mà là nền tảng để đầu tư thành công.|J. Paul Getty
Nếu hy vọng sẽ được độc lập khi có tiền, bạn sẽ không bao giờ đạt nổi. Trên thế giới này, con người chỉ có thể an toàn khi có kiến thức, kinh nghiệm và khả năng.|Henry Ford
Bạn chẳng kể tên được mấy triệu phú giàu lên chỉ nhờ gửi tiết kiệm đâu.|Robert G. Allen
Đột phá chính là cách phân biệt người đi đầu và kẻ theo sau.|Steve Jobs
Thước đo sự giàu có thực sự là bạn đáng giá bao nhiêu tiền sau khi mất sạch của cải.|Khuyết danh
Tiền bạc là một ông chủ tồi, nhưng là một người hầu xuất sắc.|P. T. Barnum
Hãy cố tiết kiệm khi lương của bạn còn thấp. Vì sau khi kiếm được nhiều hơn, bạn sẽ chẳng thể làm được việc này đâu.|Jack Benny
Sự giàu có được đo bằng mức độ trải nghiệm mọi mặt của cuộc sống.|Henry David Thoreau
Nhà đầu tư cá nhân nên hành động như một nhà đầu tư, thay vì như kẻ đầu cơ.|Ben Graham
Tôi cực kỳ tin tưởng vào may mắn, và tôi phát hiện ra càng làm việc chăm chỉ, vận may của mình càng nhiều.|Thomas Jefferson
Bạn phải học cách kiểm soát tiền của mình, hoặc để tình cảnh thiếu thốn vĩnh viễn kiểm soát bạn.|Dave Ramsey
Đầu tư cũng giống như chờ sơn khô và cỏ mọc vậy. Còn nếu bạn thích vui vẻ, hãy cầm 800 USD và thẳng tiến Las Vegas.|Paul Samuelson
Mỗi lần đi vay tiền, là bạn đã đánh cắp tương lai của chính mình.|Nathan W. Morris
Thị trường chứng khoán đầy rẫy những người rành giá cả mọi thứ, nhưng lại chẳng biết giá trị của cái nào cả.|Phillip Fisher
Vấn đề không phải là bạn làm được bao nhiêu tiền, mà là để dành được bao nhiêu, chúng giúp ích cho bạn thế nào và có thể truyền lại cho mấy đời.|Robert Kiyosaki
Tôi không thất bại. Tôi chỉ tìm ra 10.000 cách chưa thực hiện được mà thôi.|Thomas A. Edison
Thói quen tiết kiệm - bản thân nó đã là một sự giáo dục rồi. Nó củng cố các ưu điểm của bạn, dạy bạn cách từ chối, tư duy theo trật tự, suy nghĩ trước khi hành động và do đó mở rộng trí tuệ cho bạn.|T. T. Munger
Đừng nói cho tôi giá trị của bạn. Chỉ cần cho tôi xem túi tiền, tôi sẽ nói bạn đáng giá bao nhiêu.|Joe Biden
Nếu bạn sống vì muốn có tất cả, bạn sẽ chẳng bao giờ có đủ đâu.|Vicki Robin
Trước khi bạn nói chuyện, hãy lắng nghe. Trước khi tiêu tiền, hãy kiếm ra đã. Trước khi đầu tư, hãy nghiên cứu. Trước khi chỉ trích, hãy chờ đợi. Trước khi cầu nguyện, hãy tha thứ. Trước khi từ bỏ, hãy cố gắng. Trước khi nghỉ hưu, hãy tiết kiệm. Và trước khi chết, hãy cho đi.|William A. Ward
Chúng ta kiếm sống bằng cái chúng ta có, nhưng cuộc đời của ta được tạo thành từ cái ta cho đi.|Winston Churchill
Sự giàu có rốt cục cũng chỉ là một thứ tương đối. Vì một người có ít tiền và ít nhu cầu sẽ giàu hơn những kẻ nhiều tiền nhưng lắm nguyện vọng.|Charles Caleb Colton
Người thành công là người có thể xây được nền tảng vững chắc từ những viên gạch kẻ khác ném vào anh ta.|David Brinkley
Thị trường chứng khoán được tạo ra để chuyển tiền từ túi những kẻ nôn nóng sang những người kiên nhẫn.|Warren Buffett
Tôi giàu có vì tôi biết khi nào mình sai. Về căn bản, tôi cũng tồn tại nhờ việc nhận ra sai lầm của mình.|George Soros
Đừng để nỗi sợ thất bại lấn át niềm vui thành công.|Robert Kiyosaki
Tất nhiên, chúng ta không thể kết nối các dấu ấn tương lai, bạn chỉ có thể móc nối chúng khi nhìn lại quá khứ. Vậy hãy tin rằng các dấu chấm, các sự kiện trong cuộc đời bạn về mặt này hay mặt khác sẽ ảnh hưởng đến tương lai của bạn. Bạn phải có niềm tin vào một thứ gì đó - sự can đảm, số phận, cuộc đời, định mệnh hay bất cứ điều gì - cách nghĩ đó đã tạo nên những sự khác biệt trong cuộc đời tôi.|Steve Jobs
Mặc kệ nó, cứ làm đi!|Richard Branson
Một nhà khởi nghiệp thực sự là những người không cần lưới bảo hộ bên dưới.|Henry Kravis
Miễn là bạn chịu suy nghĩ, hãy cố gắng nghĩ đến những điều lớn lao.|Donald Trump
Nơi duy nhất thành công (success) đến trước lao động (work) là trong từ điển.|Vidal Sassoon
Nếu phụ nữ không tồn tại, mọi tiền bạc trên thế giới này sẽ chẳng có nghĩa lý gì.|Aristotle Onassis
Đừng lúc nào cũng nói không. Nếu hài lòng với việc ngồi tại chỗ và không liều lĩnh, 20 năm tới bạn cũng sẽ vẫn ngồi ở đó thôi.|David Rubenstein
Khi mua cổ phiếu, hãy tự hỏi bản thân, sau này bạn có mua cả công ty hay không?|Rene Rivkin
Nếu cảm thấy khó tưởng tượng việc thua lỗ 20% trên sàn chứng khoán, bạn đừng bao giờ nên tham gia.|John Bogle
Công thức thành công của tôi là dậy sớm, làm muộn và khai thác dầu mỏ.|J. Paul Getty
4 chữ đắt đỏ nhất trong tiếng Anh chính là "Lần này thì khác".|John Templeton
Tôi thích sống như một người nghèo có nhiều tiền.|Pablo Picasso
Của cải chỉ đến với những người dám hành động.|Virgil
Sự giàu có cũng như nước biển. Chúng ta càng uống nhiều thì càng khát. Sự nổi tiếng cũng vậy.|Arthur Schopenhauer
Nếu chúng ta làm chủ được tài sản, chúng ta sẽ tự do và giàu có. Còn nếu để chúng kiểm soát lại, ta sẽ trở thành người nghèo.|Edmund Burke
Một công ty mà chẳng tạo ra được gì khác ngoài tiền là một doanh nghiệp nghèo.|Henry Ford
Nếu kế hoạch A thất bại, bạn còn có 25 chữ cái nữa cơ mà.|Chris Guillebeau
Đừng đi tới nơi mà con đường dẫn đến. Thay vào đó, hãy vào chỗ chưa có đường và để lại dấu chân của mình.|Ralph Waldo Emerson
Chỉ cần tin mình có thể là bạn đã đi được nửa đường rồi.|Theodore Roosevelt
Thiếu tiền là nguồn gốc của mọi tội lỗi.|Mark Twain
Chỉ trong bất hạnh người ta mới biết rằng Thượng đế luôn hướng con người đến những điều thiện hảo.|W. Goethe
Khả năng bẩm sinh tựa như các loại cây cảnh, cần phải được chăm tỉa bằng học vấn.|F. Balcon
Tiền bạc có thể giúp người ta làm nhiều điều tốt nhưng nó không tạo ra được luật lệ.|Picasso
Ai tràn trề hy vọng và nguyện vọng, người đó sống ở tương lai.|L. Sê-phe
Tốt danh hơn giàu của.|Ngạn ngữ Anh
Nói sự thực không chưa đủ. Phải tìm ra cái phần sâu sắc trong sự thực ấy.|Hoài Thanh
Bệnh nặng mới dùng thuốc, cũng như khát nước mới lo đào giếng. Đánh giặc rồi mới rèn gươm, thế chẳng muộn lắm sao?|Tố Vân
Những người cứ làm mà không cần học vấn chẳng khác nào người thuỷ thủ đi trên chiếc tàu không bánh lái, không la bàn và cũng chẳng biết rằng họ sẽ đi đâu.|L. De Vinci
Sai lầm trong công việc là điều hoàn toàn có thể xảy ra. Đó là vấn đề chân lý chứ không phải là vấn đề danh dự.|P. Kapitsa
Nhân loại tiến lên từ từ với những sự ngừng lại, cả những sự thoái lui nhưng cũng tự vươn lên từng bước một đến chỗ hoàn thiện và hạnh phúc.|L. Tônxtôi
Người bạn tốt là người anh tìm đến không phải để giết thời gian mà để cho thời gian bên nhau tăng thêm giá trị.|M. Prust
Nguy hiểm nhất là đứng trước bò, sau lưng ngựa và ở cạnh người ngu.|Ngạn ngữ Đức
Đọc sách là một phần đối với bổn phận của người phong nhã.|C. D. Pi-săng
Ngay cả trí tuệ thông minh nhất vẫn còn có điều phải học.|G. Xan-tai-an-na
Tâm hồn lớn lao của người phụ nữ giống như một dòng sông: nó tạo nên cuộc sống tươi xanh ở hai bờ nhưng bản thân lại hướng ra biển cả.|P. Revedy
Ngẫm cho kỹ, cái nhà to lớn, sức một cây cột không thể chống đỡ; sự nghiệp thái bình, sức một người không thể đảm trách.|Chiếu cầu hiền - Quang Trung
Có thể ăn nửa bữa, ngủ nửa đêm, nhưng không thể đi nửa đường chân lý, yêu bằng nửa trái tim.|Ngạn ngữ Anh
Làm mất tự do của người khác thì chính mình cũng không được tự do.|N. Mandela
Cái gì thuộc về nhân loại đều là bất diệt.|E. Bun-ve-lít-tông
Người nào không có tình yêu thì đánh giá các tặng vật của người yêu theo tính thực dụng của chúng.|R. Tagore
Ngôn mà không chuyển tải tư tưởng thì sẽ không vươn tới được trời cao.|W. Shakespeare
Có láng giềng tốt sẽ có những tháng ngày yên lành.|Ngạn ngữ Nga
Thành đạt không phải do sự giúp đỡ của người khác mà chính do lòng tự tin.|A. Lin-côn
Sự hùng biện giúp ta làm chủ trái tim người khác.|Ngạn ngữ Phần Lan
Đa số người ta đều thành công ở những việc nhỏ nếu họ không bị rối loạn bởi những tham vọng quá lớn.|Longfellow
Nếu nết xấu là cái hại nhưng càng hại hơn khi không muốn nhìn nhận thực tế vì như thế còn thêm vào cái hại về nỗi tự mê muội.|B. Patscal
Trên đời có một điều tệ hại hơn cả sự thất bại, đó là sự hèn nhát.|F. Roosevell
Siêng năng là của báu vô giá, thận trọng là lá bùa hộ mệnh.|Thái Công
Đôi khi một khoảnh khắc sáng suốt có giá trị bằng cả kinh nghiệm của một cuộc sống.|Hô-me
Một sự thất vọng âm thầm, không vật vã mình, không oán trách trời. Ấy mới là sự khôn ngoan.|J. Green
Hãy mang lại niềm vui cho người khác và bạn sẽ thấy niềm vui tạo ra niềm vui.|G. Fi-se
Người học trò giỏi không phải là người lặp lại thầy mình, mà là người biết đưa con đường của thầy vạch ra tới những cái đích xa hơn.|Xi-kê-rốt
Con người phải có các đồ ăn thức uống mới nuôi được khí huyết, phải có công phu học tập mới nuôi được trí óc khôn. Hai thứ ấy phải tự làm mới được.|R. Albeeti
Phụ nữ muốn thành đạt thì phải có vài phần trăm phẩm chất của người đàn ông.|J. Fonda
Ai cũng có ba tuổi xuân: tuổi xuân của thân thể, tuổi xuân của tâm hồn, tuổi xuân của trí tuệ.|F. Phê-nơ-lông
Sự già nua chỉ lấy mất ở người tài trí những tính chất bất lợi của sự khôn ngoan.|J. Jonbert
Kinh nghiệm bao thế kỷ chứng minh rằng: sự sợ sệt về hình phạt lương tâm không bao giờ ngăn cản được những tên gian ác muốn làm rối loạn xã hội.|C. Bonessana
Hãy nhớ rằng: không thể làm được điều gì tuyệt vời vì ganh đua, không thể làm gì cao thượng ngoài kiêu ngạo.|L. Tônxtôi
Thất vọng là bởi không có chí, mà cũng bởi hy vọng quá cao không xứng đáng với lực mình, như thuyền nhỏ chở đầy, người yếu gánh nặng.|Nguyễn Bá Học
Người xuất chúng là người biết chấp nhận sự thật và đương đầu với nó một cách kiên cường.|S. Kadte
Điều gì làm tôi tự hào nhất? Tôi đã trải qua những thời kỳ gian khó mà vẫn giữ được tâm hồn lành mạnh.|J. P. Kennedy
Quá khứ bao giờ cũng kỳ diệu và thơ mộng nhưng cảm nhận được cái đẹp vô song của hiện tại còn khó hơn rất nhiều.|X. Lôbanôp
Bao nhiêu sức mạnh của nhân loại đều ẩn chứa trong tiềm lực cá nhân. Vì vậy vấn đề lớn nhất của xã hội là giúp các năng lực của con người được tự do phát triển.|D. J. Hill
Thuộc lòng không phải là tri thức, đó chỉ là trữ vào trí nhớ những gì người ta dạy cho mình.|Montaigne
Nếu Thượng đế sáng tạo ra phụ nữ trước thì Người sẽ thôi không sinh ra các loài hoa.|V. Hugo
Danh vọng của các vĩ nhân một phần là ở sự can trường, hai phần ở sự may mắn và phần còn lại là do sự mưu lược của chính họ.|V. Foscolo
Sau vụ thất bát, vẫn cần phải gieo hạt.|L. Xê-nê-ca
Cảm xúc chính đáng là phải ở sự xét đoán mà ra chứ không phải dùng cảm xúc mà xét đoán.|Duclos
Trong mọi công việc phải tuân thủ nguyên tắc: sự thật, trung thực và hữu ích.|G. Mac-mô-ten
Nói dối luôn khởi đầu từ sự sợ sệt hay từ quyền lợi riêng và như thế là do ở sự hèn hạ mà ra vậy.|Duclos
Một sự nghiệp cao cả chỉ có thể được tạo bởi hai bàn tay trong sạch. Có như vậy, khi đứng trên bục vinh quang, bạn mới cảm thấy hoàn toàn hạnh phúc.|V. Hugo
Xây dựng đất nước phải lấy dạy học làm đầu, tìm lẽ trị bình lấy tuyển nhân tài làm gốc.|Chiếu lập học - Quang Trung
Tôi không biết có thứ tự do nào không kèm theo những điều kiện nhất định. Nếu đại bàng cho rằng nó bị đôi cánh ràng buộc thì đại bàng không thể tự do bay lượn trên bầu trời.|Lão Xá
Tôi vẫn còn một trái tim, một dòng máu nóng, một tấm lòng để yêu, để cảm thông và chia sẻ.|F. Doxtoiepxki
Nếu người nào không sống những ngày của đời mình trong cõi ước mơ thì họ sẽ là nô lệ của những chuỗi ngày ấy.|H. Gibron
Ý nghĩa cuộc đời một con người là ở chỗ phải trở thành nguồn nhiệt lượng và ánh sáng cho người khác.|S. Rô-bin-xơn
Trẻ trung mãi lên cùng năm tháng - đó là nghệ thuật sống chân chính.|E. Ten-lơ-man
Hạnh phúc của tuổi trẻ là sức mạnh và vẻ đẹp. Hạnh phúc của tuổi già là trí tuệ và sự hưng thịnh.|Democritus
Tuổi trẻ cần cả tình yêu và tình bạn. Tình yêu làm tuổi trẻ rực rỡ, còn tình bạn lại làm cho nó ngọt ngào.|Roy Fuller
Tình đồng bào là sự chia sẻ tâm huyết, công việc và tài sản lẫn cho nhau.|La Cooc-đơ
Để thành công trong cuộc đời, hai yếu tố bạn cần phải học là bỏ cái gì và đặt niềm tin ở nơi đâu.|S. L. Clemant
Tôi mong muốn con tôi lớn lên với một ý thức tự chủ cao và luôn biết cảm thông với những người khác.|S. Thomson
Khó khăn làm nảy sinh trong con người những năng lực cần thiết để khắc phục nó.|O. Phi-líp
Một trái tim nhân hậu còn tuyệt diệu hơn vạn cái đầu trong thế gian.|B. Lýt-tông
Hoà bình là kết quả của tình thương, vì muốn hoà bình phải biết chịu đựng nhiều điều mới được.|F. La-men-ne
Chỉ cuộc sống của những ai không biết ranh giới giữa cái "của tôi" và cái "của anh" mới thật thanh bình.|X. Pu-bli-li
Áo quần, tiền bạc, xe cộ, nhà cửa... thường che lấp con người thực chúng ta. Vẻ đẹp thật sự không phải ở trên những sự phù phiếm ấy.|H. D. Balzac
Biết làm gì chưa đủ mà còn phải dũng cảm thực hiện điều đó nữa.|G. Đimitrôp
Quê hương của những người dũng cảm chính là cái nơi mà họ chọn để lập nghiệp.|D. Ru-đi
Trên mà không chính thì dưới có chính cũng thành nguy; người lành cũng biến thành kẻ gian tà.|Lão Tử
Những âm mưu ác độc thường xuất phát từ những cái nhìn đố kỵ.|Kinh Thánh
Sống lâu là một điều ao ước của đa số, nhưng sống một cách chính đáng sống chỉ là ước vọng của một thiểu số thôi.|D. Hiu-gơ
Nếu anh che giấu sự thật, nếu anh không dám đứng dậy nói lên sự thật hoặc không nói hết sự thật thì anh là người phản bội lại nó.|J. Lơnđơn
Đầu óc hoài nghi cùng tính cách do dự dẫn đến sự bất lực khi quyết định. Đó là sự yếu đuối hoặc sự lười biếng của trí năng.|A. Vinel
Tài năng sẽ bị mai một nếu ta không có những ý tưởng lớn và không tận tâm với những chi tiết dù nhỏ nhất.|E. Dotxoiepxki
Nếu không có lòng yêu thương lao động hiển nhiên và sự nỗ lực phi thường thì không có bản lĩnh mà cũng chẳng có thiên tài.|D. Mendeléep
Trên quê hương thậm chí hoa cũng toả mùi hương đặc biệt.|Kuprin
Thành công chính là kết quả của những cuộc vật lộn để khắc phục mọi sự gian nan.|Suiles
Hiểu được cách sống khi về già là sự khôn ngoan vĩ đại và là chương khó nhất trong nghệ thuật sống.|Amiel
Từ cái chết, sự sống mới sẽ lại sinh ra. Và nếu một cá nhân, một dân tộc mà không biết cách chết thì sẽ không biết cách sống.|J. Neru
Kẻ xiểm nịnh thì không nói và không làm điều gì xuất ý vô tình, lời nói việc làm của họ luôn cố ý tán tỉnh và cầu xin.|La Bruyere
Người ta ai cũng hướng đến hạnh phúc của riêng mình. Vậy khi quyền lợi hợp với công lợi, thì họ sẽ trở nên đạo đức và hết lòng với công việc.|Hetieliu
Thái độ lạc quan trước thất bại sẽ biểu hiện khá trung thực những cơ may thành công trong cuộc đời của bạn.|M. Seling Man
Lòng tin hướng dẫn mọi ý tưởng, mọi tình cảm và do đó đi đến cách xử thế.|G. Lê-bông
Hèn nhát là những kẻ mà trong tình trạng hiểm nghèo thường chỉ nghĩ bằng đôi chân của họ.|Biercee
Chính trong lửa mà sắt tôi thành thép. Chính trong thống khổ mà con người tìm thấy sự khởi phát của sức mạnh.|H. Conscience
Cái cơ trí trong sự gan dạ là biết rõ mức độ xa vời mà người ta có thể tới được.|J. Coclean
Lòng nhân ái chỉ trở thành giá trị các đạo đức khi chính nó là một sự hy sinh vị tha.|F. V. Denbox
Hãy che giấu hạnh phúc của bạn, tránh xa sự ghen tị và đừng kêu gọi lòng thương hại của người khác.|Pitacus
Vật cản chính trong nhận thức chân lý không phải là cái giả dối mà là cái hao hao chân lý.|L. Tônxtôi
Mình khó nhọc mà lòng yên ổn thì nên làm, lợi ít mà nghĩa nhiều thì lại càng nên làm.|Tuân Tử
Từ thuở ấu thơ đến lúc trưởng thành, những bài học về nghĩa vụ được coi là sự giáo dục toàn diện.|R. Tago
Tính cách chỉ trích, phê bình làm tắt hẳn lòng ham mê, yêu thích những điều tốt đẹp.|La Bruyere
Đấng trượng phu đừng thù mới đáng, đấng anh hùng đừng oán mới hay.|N. Mandela
Hãy để cho người chết hưởng cái bất tử của danh vọng. Nhưng hãy để cho người sống hưởng cái bất tử của tình yêu.|R. Tagore
Xã hội còn chưa tốt đẹp cho đến khi nào một người siêng năng có thể kiếm sống mà không phải sử dụng những cách bất lương.|Emerson
Tình bạn phải rộng lượng hơn rất nhiều so với tình yêu.|M. Gian lít
Trí thông minh làm cho con người ta thấy mình khôn ngoan hơn chứ không phải thấy người khác ngu dốt hơn.|W. Goethe
Nỗi đau khổ có thể làm cho đôi má bớt hồng nhưng không thể lay chuyển được trái tim dũng cảm.|W. Shakespeare
Sắc đẹp chỉ thu hút được ánh mắt, còn phẩm giá mới chinh phục được tâm hồn.|A. Pốt
Một bước chân nhỏ của con người nhưng là một bước tiến lớn của nhân loại.|N. Amstrong
Quá phê phán người khác là phủ nhận quyền tự do sống của họ.|K. Mamurti
Trong các kẻ thù của ta, đáng sợ nhất là những kẻ tiểu nhân.|La Pontaine
Nghệ thuật tuyệt đỉnh của giáo dục là khơi dậy niềm hạnh phúc được học tập và sáng tạo.|A. Einstein
Người nghệ sĩ chân chính thì không thể là kẻ háo danh vì anh ta hiểu rõ: nghệ thuật là vô biên.|L. Bethoven
Ở đâu không có sự giống nhau, ở đó khó nói đến mối thiện cảm.|Edop
Tự do không phải là một khởi đầu mà là cứu cánh. Tự do chính là kết quả của một sự trật tự mỹ mãn.|P. Gaxotte
Khi kẻ xấu tụ họp lại thì những người tốt cũng phải liên kết lại. Nếu không họ sẽ bị hạ từng người, từng người một trong những cuộc chiến tàn ác.|Burke
Lễ cưới là lời khen nịnh khéo nhất mà người đàn ông có thể tặng cho người đàn bà. Và thường thường đó cũng là lời khen cuối cùng.|R. Rowland
Ai có người bạn trung thành thì có thể cho rằng mình có hai tâm hồn.|A. Gráp
Tôi muốn chuyển từ người giàu có nhất thế giới thành người nhân đức nhất thế giới.|Bill Gates
Nhiệt tình là một tật bệnh thường mắc phải của tuổi trẻ. Bên trong nhỏ một ít thuốc hối hận, bên ngoài bôi một ít thuốc cao kinh nghiệm thì sẽ trị khỏi ngay.|A.Bissy
Nếu tuổi trẻ không phát ra ánh sáng rực rỡ, mọi thứ sẽ mất đi sức hút.|Walpole
Tuổi trẻ giống như buổi sáng của một ngày, nó trong sạch tinh khiết, luôn tràn ngập tưởng tượng xa vời và hài hòa.|Siaduobulian
Tư thái của người trẻ tuổi khi nỗ lực hướng về một mục tiêu nào đó, là tư thế mạnh mẽ nhất, mới mẻ nhất, tươi đẹp nhất. Trên thế giới không tìm được điều gì đẹp đẽ hơn đấu tranh gian khổ của tuổi trẻ.|Ikeda Taikasu
Đời người chính là ý chí kết bạn với tuổi trẻ, trí tuệ và tuổi già đi chung.|Gibran
Ôi! Tuổi trẻ, tuổi trẻ! Có lẽ toàn bộ bí mật kì diệu của bạn không ở chỗ có thể làm ra mọi thứ, mà ở chỗ hi vọng làm ra mọi thứ.|Sergeyevich
Khi trẻ tuổi nên tìm hiểu triết lý, khi già lão cũng đừng bỏ bê tìm hiểu triết lý, vì sức khỏe của tâm hồn không phân biệt sớm muộn.|Epicurus
Hi vọng sẽ giúp bạn trẻ ra vì hi vọng và tuổi trẻ là anh em song sinh.|Shelley
Tuổi trẻ không có lý tưởng giống như buổi sáng không có mặt trời.|Belinsky
Tuổi trẻ quá phóng túng làm mất đi điều thú vị của tâm hồn, quá kiềm nén sẽ mất đi sự linh hoạt của đầu óc.|Chainbevei
Điều thích hợp với thanh niên là: phán đoán không bằng phát minh, bàn luận không bằng thực hành, làm công việc cứng nhắc không bằng theo đuổi kế hoạch mới.|Bacon
Lý tưởng là ngọn đèn sáng chỉ đường. Không có lý tưởng thì không có phương hướng xác định; không có phương hướng thì không có cuộc sống.|Lev Tolstoy
Hi vọng viết thơ cho thiếu niên, cũng viết hồi ức cho người trưởng thành. Con người luôn mang theo nụ cười tiến về phía trước, nhưng quay đầu lại vẫn khó tránh khỏi thở dài. Đó là sự an bài của Thượng đế thông minh. Khi cái li sinh mệnh đã đầy mật ngọt, càng uống càng giảm vị ngon mà để lại vị đắng.|Emerson
Tuổi trẻ đẹp biết bao! Tỏa ánh sáng và sức nóng, tràn ngập màu sắc và mộng ảo, là một chương của cuốn sách, là một câu chuyện không bao giờ kết thúc.|Longfellow
Đàn ông yêu đàn bà không phải vì những gì họ nói mà vì những gì họ biết lắng nghe.|D.Lexinicơ
Trong tình yêu, chiến thắng của người đàn ông là sự chạy trốn.|Napoléon
Chẳng có gì làm người đàn ông tự hào hơn sự hạnh phúc của vợ anh ta, anh ta luôn kiêu hãnh cho rằng chính mình tạo ra điều đó.|Samuel Johnson
Tất cả những người đàn ông và phụ nữ thành công đều là những người mơ mộng. Họ mơ mộng về tương lai của họ, lý tưởng trên mọi phương diện, và rồi họ lao động mỗi ngày hướng về viễn cảnh xa xôi ấy, mục tiêu hay cái đích đó.|Brian Tracy
Cưới vợ vì tình yêu mới lý thú. Còn lấy một cô gái vì cô ta xinh đẹp thì chẳng khác gì mua ở chợ một con vật không cần thiết chỉ vì nó đẹp.|T. Sepsencô
Dù bị ngã 7 lần, đến lần thứ 8 người đàn ông vẫn đứng dậy được.|Ngạn ngữ Mông Cổ
Con trai chọn cách im lặng cho những nỗi buồn, họ không khóc òa lên như con gái, cũng không dễ dàng bày tỏ tâm sự với ai. Khi bạn muốn lắng nghe, đừng cố gắng hỏi hết câu này đến câu khác, hãy im lặng ngồi cạnh, siết chặt bàn tay đang run rẩy trong niềm đau ấy, và chờ họ sẻ chia.|Khuyết danh
Người đàn bà đẹp đạt được thành công dễ dàng hơn người đàn bà thông minh. Chỉ đơn giản là những người đàn ông mù thì ít, bù lại những người đàn ông ngốc nghếch lại quá nhiều.|X. Lôren
Hai mà là một; một người đàn ông và một người đàn bà hòa hợp thành một vị thiên thần, ấy là cõi thiên đường…|Victor Hugo
Phụ nữ là linh hồn của nhân loại, đàn ông là thể xác của nhân loại.|Musset
Nếu muốn trả thù một người đàn ông, hãy gửi hắn cho một người đàn bà đẹp.|Danh ngôn Á Rập
Phụ nữ có thể lý giải một cách trẻ con hơn đàn ông, nhưng đàn ông có tính trẻ con hơn phụ nữ.|Nietzsche